Stimulus Location V,Responses V,RTs V,Stimulus Location A,Responses A,RTs A,Phase,sesN,SD_V,V relative to A,deMean resp V,deMean resp A,outlier V,outlier A
-16.06589709438966,-16.568914956011753,2.051104612,2.5,-11.58357771260998,3.141917014,0.0,1.0,1.1,1.0,-1.2504072987944017,-12.41039426523298,0.0,1
-16.06589709438966,-14.809384164222905,1.614889077,-7.5,-19.208211143695024,4.119183349,0.0,1.0,1.1,1.0,0.5091234929944459,-2.1464646464646435,0.0,0
5.71249054154572,2.4926686217008864,2.59855958,7.5,11.583577712609952,3.24760877,0.0,1.0,1.1,1.0,-2.407135874877799,-1.8287715868361154,0.0,0
5.71249054154572,3.9589442815249356,1.554697882,-2.5,-6.8914956011730055,2.61517933,0.0,1.0,1.1,1.0,-0.9408602150537497,-1.1159986966438469,0.0,0
-5.1767032764219705,-4.5454545454545325,3.042241443,2.5,4.838709677419359,3.434545929,0.0,1.0,1.1,1.0,-1.2707722385141618,4.01189312479636,0.0,0
-16.06589709438966,-15.102639296187702,1.462140961,-7.5,-19.50146627565985,3.555686331,0.0,1.0,1.1,1.0,0.21586836102964924,-2.4397197784294704,0.0,0
-16.06589709438966,-14.22287390029328,1.482276965,-2.5,-8.357771260997055,2.621762526,0.0,1.0,1.1,1.0,1.0956337569240713,-2.582274356467896,0.0,0
16.60168435951341,15.395894428152475,2.097842867,7.5,7.478005865102631,2.748474496,0.0,1.0,1.1,1.0,-0.9856630824372861,-5.934343434343436,0.0,0
5.71249054154572,6.011730205278582,1.449687857,-2.5,-7.771260997067429,2.414555777,0.0,1.0,1.1,1.0,1.1119257086998964,-1.9957640925382707,0.0,0
-5.1767032764219705,-4.252199413489734,3.315666532,7.5,10.117302052785902,2.531289043,0.0,1.0,1.1,1.0,-0.9775171065493633,-3.2950472466601646,0.0,0
16.60168435951341,18.03519061583577,2.848489322,-7.5,-23.90029325513197,2.372101277,0.0,1.0,1.1,1.0,1.6536331052460085,-6.8385467579015895,0.0,0
-16.06589709438966,-15.68914956011733,1.756921661,2.5,4.252199413489734,2.224592943,0.0,1.0,1.1,1.0,-0.37064190289997967,3.4253828608667343,0.0,0
-16.06589709438966,-15.395894428152504,1.665027842,2.5,3.9589442815249356,2.682993265,0.0,1.0,1.1,1.0,-0.07738677093515278,3.132127728901936,0.0,0
5.71249054154572,4.252199413489734,2.215215383,-2.5,-5.718475073313784,3.465755096,0.0,1.0,1.1,1.0,-0.6476050830889513,0.05702183121537452,0.0,0
-5.1767032764219705,-4.838709677419359,3.099048469,-7.5,-21.847507331378324,2.448729127,0.0,1.0,1.1,1.0,-1.5640273704789887,-4.785760834147943,0.0,0
16.60168435951341,16.568914956011724,2.564858236,7.5,4.838709677419359,2.731442604,0.0,1.0,1.1,1.0,0.18735744542196286,-8.573639622026707,0.0,0
-16.06589709438966,-15.68914956011733,1.449417698,7.5,11.583577712609952,2.521953705,0.0,1.0,1.1,1.0,-0.37064190289997967,-1.8287715868361154,0.0,0
-16.06589709438966,-13.343108504398856,2.548976494,2.5,1.6129032258064628,2.669192406,0.0,1.0,1.1,1.0,1.975399152818495,0.7860866731834629,0.0,0
5.71249054154572,3.0791788856304834,3.365109604,-2.5,-4.252199413489734,2.446801061,0.0,1.0,1.1,1.0,-1.820625610948202,1.5232974910394246,0.0,0
16.60168435951341,14.51612903225805,2.699664489,-7.5,-20.38123167155428,2.847727019,0.0,1.0,1.1,1.0,-1.8654284783317117,-3.319485174323898,0.0,0
16.60168435951341,16.862170087976526,1.397978264,7.5,9.237536656891479,2.613478232,0.0,1.0,1.1,1.0,0.4806125773867649,-4.174812642554588,0.0,0
-5.1767032764219705,-3.665689149560109,1.548982464,-7.5,-20.38123167155428,2.431267637,0.0,1.0,1.1,1.0,-0.3910068426197384,-3.319485174323898,0.0,0
5.71249054154572,4.5454545454545325,1.832240621,2.5,2.7859237536656845,3.065391038,0.0,1.0,1.1,1.0,-0.3543499511241528,1.9591072010426847,0.0,0
5.71249054154572,3.3724340175953103,1.958014971,-2.5,-8.357771260997055,2.289886404,0.0,1.0,1.1,1.0,-1.527370478983375,-2.582274356467896,0.0,0
16.60168435951341,18.328445747800572,3.482219408,7.5,9.824046920821104,2.975327129,0.0,1.0,1.1,1.0,1.9468882372108105,-3.588302378624963,0.0,0
-5.1767032764219705,-4.838709677419359,3.514407587,2.5,-1.3196480938416357,4.76626298,0.0,1.0,1.1,1.0,-1.5640273704789887,-2.1464646464646355,0.0,0
16.60168435951341,15.982404692082099,2.231152753,-7.5,-18.035190615835802,2.299910373,0.0,1.0,1.1,1.0,-0.3991528185076625,-0.9734441186054212,0.0,0
16.60168435951341,15.689149560117302,1.998790548,-2.5,-6.011730205278582,2.448527097,0.0,1.0,1.1,1.0,-0.6924079504724592,-0.23623330074942306,0.0,0
5.71249054154572,3.665689149560109,2.527044749,2.5,-6.304985337243409,2.280502059,0.0,1.0,1.1,1.0,-1.2341153470185762,-7.131801889866408,0.0,0
-5.1767032764219705,-4.5454545454545325,2.377535151,-2.5,-10.410557184750758,2.064294108,0.0,1.0,1.1,1.0,-1.2707722385141618,-4.635060280221599,0.0,0
-5.1767032764219705,-1.906158357771261,1.665370007,7.5,9.824046920821104,3.455448859,0.0,1.0,1.1,1.0,1.3685239491691097,-3.588302378624963,0.0,0
16.60168435951341,15.689149560117302,1.698326982,-7.5,-18.035190615835802,2.36962715,0.0,1.0,1.1,1.0,-0.6924079504724592,-0.9734441186054212,0.0,0
-16.06589709438966,-16.568914956011753,2.23152627,7.5,6.011730205278582,2.714903525,0.0,1.0,1.1,1.0,-1.2504072987944017,-7.400619094167485,0.0,0
-5.1767032764219705,-4.838709677419359,3.56601462,-2.5,-8.064516129032256,1.599225583,0.0,1.0,1.1,1.0,-1.5640273704789887,-2.2890192245030976,0.0,0
5.71249054154572,5.425219941348956,2.468979547,2.5,4.838709677419359,2.582305376,0.0,1.0,1.1,1.0,0.525415444770271,4.01189312479636,0.0,0
-16.06589709438966,-13.929618768328451,1.99874535,-7.5,-18.914956011730226,2.614833592,0.0,1.0,1.1,1.0,1.3888888888889,-1.853209514499845,0.0,0
5.71249054154572,3.9589442815249356,1.530006879,2.5,2.4926686217008864,3.601973483,0.0,1.0,1.1,1.0,-0.9408602150537497,1.6658520690778866,0.0,0
-5.1767032764219705,-4.5454545454545325,3.14954845,-7.5,-16.568914956011753,2.300362032,0.0,1.0,1.1,1.0,-1.2707722385141618,0.49283154121862793,0.0,0
5.71249054154572,5.425219941348956,2.752217145,-2.5,-5.718475073313784,2.999288251,0.0,1.0,1.1,1.0,0.525415444770271,0.05702183121537452,0.0,0
16.60168435951341,15.395894428152475,1.448978587,7.5,10.703812316715528,2.414786722,0.0,1.0,1.1,1.0,-0.9856630824372861,-2.7085369827305392,0.0,0
-16.06589709438966,-14.22287390029328,1.439776117,-7.5,-19.208211143695024,3.940584967,0.0,1.0,1.1,1.0,1.0956337569240713,-2.1464646464646435,0.0,0
16.60168435951341,15.395894428152475,3.373958437,2.5,3.0791788856304834,3.827299202,0.0,1.0,1.1,1.0,-0.9856630824372861,2.2523623330074836,0.0,0
5.71249054154572,2.7859237536656845,1.749352798,-2.5,-4.5454545454545325,2.415454453,0.0,1.0,1.1,1.0,-2.113880742913001,1.2300423590746261,0.0,0
-16.06589709438966,-14.516129032258078,2.080245972,7.5,8.064516129032256,2.798805492,0.0,1.0,1.1,1.0,0.8023786249592728,-5.347833170413811,0.0,0
-5.1767032764219705,-2.1994134897360595,2.466137413,2.5,3.665689149560109,2.164015533,0.0,1.0,1.1,1.0,1.0752688172043112,2.8388725969371094,0.0,0
-5.1767032764219705,-4.5454545454545325,3.348165735,-2.5,-5.718475073313784,1.93287073,0.0,1.0,1.1,1.0,-1.2707722385141618,0.05702183121537452,0.0,0
-5.1767032764219705,-5.718475073313784,2.374818145,-7.5,-14.22287390029328,3.05046737,0.0,1.0,1.1,1.0,-2.4437927663734134,2.838872596937101,0.0,0
16.60168435951341,16.862170087976526,2.49426386,7.5,7.184750733137833,2.392106388,0.0,1.0,1.1,1.0,0.4806125773867649,-6.227598566308234,0.0,0
-16.06589709438966,-16.86217008797655,2.916164572,2.5,-7.184750733137833,2.665149957,1.0,1.0,1.1,1.0,-0.5865102639296111,-8.431085043988269,0.0,0
5.71249054154572,5.131964809384158,2.482209076,-2.5,-3.3724340175953103,3.531722478,1.0,1.0,1.1,1.0,0.9042033235581597,1.6617790811339122,0.0,0
16.60168435951341,15.102639296187673,2.416379953,7.5,13.343108504398826,2.51547364,1.0,1.0,1.1,1.0,-0.830889540566961,2.3216031280547504,0.0,0
-5.1767032764219705,-4.252199413489734,1.540312038,-7.5,-19.208211143695024,2.164968083,1.0,1.0,1.1,1.0,-0.75757575757576,0.488758553274689,0.0,0
5.71249054154572,3.3724340175953103,1.858845482,2.5,6.8914956011730055,2.080063802,1.0,1.0,1.1,1.0,-0.855327468230688,5.645161290322569,0.0,0
-5.1767032764219705,-5.131964809384158,3.261714103,-2.5,-5.425219941348956,2.230771604,1.0,1.0,1.1,1.0,-1.6373411534701838,-0.39100684261973395,0.0,0
16.60168435951341,16.568914956011724,2.067199729,7.5,12.463343108504375,4.306466302,1.0,1.0,1.1,1.0,0.63538611925709,1.4418377321603,0.0,0
-5.1767032764219705,-3.0791788856304834,3.23099474,-7.5,-20.967741935483875,2.375976133,1.0,1.0,1.1,1.0,0.4154447702834907,-1.2707722385141622,0.0,0
-5.1767032764219705,-3.3724340175953103,2.032230108,7.5,13.049853372434002,2.300567804,1.0,1.0,1.1,1.0,0.1221896383186638,2.028347996089927,0.0,0
16.60168435951341,15.689149560117302,2.148395077,-7.5,-13.049853372434029,1.698554224,1.0,1.0,1.1,1.0,-0.24437927663733205,6.647116324535684,0.0,0
16.60168435951341,15.689149560117302,2.076961677,2.5,3.3724340175953103,2.548776492,1.0,1.0,1.1,1.0,-0.24437927663733205,2.126099706744874,0.0,0
16.60168435951341,17.15542521994132,1.314870089,-2.5,-5.425219941348956,3.26495192,1.0,1.0,1.1,1.0,1.221896383186687,-0.39100684261973395,0.0,0
16.60168435951341,15.689149560117302,3.450137663,7.5,5.718475073313784,1.890775115,1.0,1.0,1.1,1.0,-0.24437927663733205,-5.303030303030291,0.0,0
5.71249054154572,4.838709677419359,1.616518752,2.5,-2.1994134897360595,3.898625456,1.0,1.0,1.1,1.0,0.6109481915933612,-3.4457478005864957,0.0,0
-16.06589709438966,-15.395894428152504,2.98284236,-7.5,-22.140762463343123,2.764310573,1.0,1.0,1.1,1.0,0.8797653958944363,-2.4437927663734094,0.0,0
-5.1767032764219705,-3.0791788856304834,2.631353355,-2.5,-3.9589442815249356,1.747992913,1.0,1.0,1.1,1.0,0.4154447702834907,1.0752688172042868,0.0,0
-5.1767032764219705,-3.0791788856304834,2.067029639,2.5,7.478005865102631,1.931173887,1.0,1.0,1.1,1.0,0.4154447702834907,6.231671554252195,0.0,0
5.71249054154572,4.5454545454545325,2.448284157,-7.5,-20.967741935483875,2.933415675,1.0,1.0,1.1,1.0,0.31769305962853434,-1.2707722385141622,0.0,0
-5.1767032764219705,-2.7859237536656845,2.982178294,-2.5,-7.478005865102631,1.932353002,1.0,1.0,1.1,1.0,0.7086999022482896,-2.4437927663734085,0.0,0
5.71249054154572,5.425219941348956,2.75996713,7.5,13.049853372434002,2.449981406,1.0,1.0,1.1,1.0,1.1974584555229582,2.028347996089927,0.0,0
-16.06589709438966,-16.86217008797655,2.5318122,-7.5,-20.38123167155428,2.818847078,1.0,1.0,1.1,1.0,-0.5865102639296111,-0.6842619745845653,0.0,0
5.71249054154572,5.718475073313784,1.73245679,7.5,11.583577712609952,2.465969243,1.0,1.0,1.1,1.0,1.490713587487786,0.5620723362658762,0.0,0
-16.06589709438966,-14.809384164222905,1.550650023,-2.5,-6.598240469208207,2.68115153,1.0,1.0,1.1,1.0,1.466275659824035,-1.5640273704789847,0.0,0
5.71249054154572,2.4926686217008864,2.531796173,2.5,4.252199413489734,3.665573829,1.0,1.0,1.1,1.0,-1.7350928641251118,3.005865102639298,0.0,0
16.60168435951341,18.914956011730226,2.280547002,2.5,6.304985337243409,1.831145523,1.0,1.0,1.1,1.0,2.9814271749755914,5.0586510263929725,0.0,0
-16.06589709438966,-18.914956011730226,2.350142858,-2.5,-4.838709677419359,3.082771295,1.0,1.0,1.1,1.0,-2.6392961876832857,0.19550342130986298,0.0,0
-16.06589709438966,-17.155425219941378,2.002095159,7.5,13.049853372434002,2.24976699,1.0,1.0,1.1,1.0,-0.879765395894438,2.028347996089927,0.0,0
-16.06589709438966,-13.929618768328451,2.137483211,-7.5,-17.448680351906177,2.119774759,1.0,1.0,1.1,1.0,2.346041055718489,2.2482893450635366,0.0,0
-5.1767032764219705,-2.7859237536656845,2.693477701,2.5,3.0791788856304834,2.248523183,1.0,1.0,1.1,1.0,0.7086999022482896,1.8328445747800473,0.0,0
16.60168435951341,14.51612903225805,2.884122822,-7.5,-21.260997067448702,2.156924792,1.0,1.0,1.1,1.0,-1.4173998044965845,-1.564027370478989,0.0,0
-5.1767032764219705,-2.4926686217008864,2.639735665,-2.5,-2.7859237536656845,2.914944823,1.0,1.0,1.1,1.0,1.0019550342130876,2.248289345063538,0.0,0
16.60168435951341,15.395894428152475,2.2319203,7.5,12.170087976539577,3.383044858,1.0,1.0,1.1,1.0,-0.5376344086021589,1.1485826001955015,0.0,0
5.71249054154572,3.3724340175953103,2.892401868,7.5,11.290322580645153,6.398817716,1.0,1.0,1.1,1.0,-0.855327468230688,0.2688172043010777,0.0,0
-5.1767032764219705,-3.665689149560109,5.06103978,2.5,-4.838709677419359,2.630603948,1.0,1.0,1.1,1.0,-0.1710654936461351,-6.0850439882697955,0.0,0
16.60168435951341,15.689149560117302,2.220859367,-7.5,-20.38123167155428,3.26437595,1.0,1.0,1.1,1.0,-0.24437927663733205,-0.6842619745845653,0.0,0
-16.06589709438966,-19.50146627565985,1.546303456,-2.5,-4.5454545454545325,5.147987918,1.0,1.0,1.1,1.0,-3.225806451612911,0.48875855327468987,0.0,0
-16.06589709438966,-14.22287390029328,1.749774472,7.5,7.478005865102631,3.531344018,1.0,1.0,1.1,1.0,2.0527859237536603,-3.5434995112414445,0.0,0
16.60168435951341,16.275659824046897,3.001572779,2.5,-2.4926686217008864,3.515433189,1.0,1.0,1.1,1.0,0.3421309872922631,-3.7390029325513225,0.0,0
-16.06589709438966,-15.68914956011733,2.149120393,-7.5,-18.035190615835802,2.25749207,1.0,1.0,1.1,1.0,0.5865102639296094,1.6617790811339113,0.0,0
5.71249054154572,4.252199413489734,2.058467303,-2.5,-5.718475073313784,3.38213274,1.0,1.0,1.1,1.0,0.02443792766373587,-0.6842619745845617,0.0,0
-5.1767032764219705,-3.9589442815249356,3.553504549,2.5,-3.9589442815249356,4.83102047,1.0,1.0,1.1,1.0,-0.46432062561096155,-5.205278592375372,0.0,0
-5.1767032764219705,-4.252199413489734,3.164287147,-7.5,-20.674486803519073,2.167245804,1.0,1.0,1.1,1.0,-0.75757575757576,-0.9775171065493602,0.0,0
-16.06589709438966,-16.86217008797655,2.61600578,7.5,10.41055718475073,1.682037305,1.0,1.0,1.1,1.0,-0.5865102639296111,-0.6109481915933461,0.0,0
5.71249054154572,4.252199413489734,1.740839342,-2.5,-5.425219941348956,2.820971374,1.0,1.0,1.1,1.0,0.02443792766373587,-0.39100684261973395,0.0,0
-16.06589709438966,-15.102639296187702,1.532650658,-2.5,-4.838709677419359,2.666584341,1.0,1.0,1.1,1.0,1.1730205278592383,0.19550342130986298,0.0,0
16.60168435951341,14.51612903225805,2.660724316,7.5,8.651026392961882,2.459795404,1.0,1.0,1.1,1.0,-1.4173998044965845,-2.3704789833821938,0.0,0
5.71249054154572,2.1994134897360595,2.481332259,2.5,4.252199413489734,2.830748085,1.0,1.0,1.1,1.0,-2.0283479960899387,3.005865102639298,0.0,0
5.71249054154572,5.131964809384158,2.264809781,-7.5,-21.847507331378324,2.081773438,1.0,1.0,1.1,1.0,0.9042033235581597,-2.150537634408611,0.0,0
-16.06589709438966,-16.275659824046926,3.081880112,2.5,6.011730205278582,2.530774389,0.0,2.0,8.7,1.0,-0.9571521668295748,5.184913652655582,0.0,0
5.71249054154572,8.651026392961882,3.381733087,-2.5,-7.771260997067429,2.997731769,0.0,2.0,8.7,1.0,3.7512218963831963,-1.9957640925382707,0.0,0
16.60168435951341,16.568914956011724,2.593281574,7.5,14.22287390029325,2.300850659,0.0,2.0,8.7,1.0,0.18735744542196286,0.8105246008471827,0.0,0
-5.1767032764219705,-3.9589442815249356,1.645069894,-7.5,-19.794721407624653,2.380668468,0.0,2.0,8.7,1.0,-0.6842619745845648,-2.7329749103942724,0.0,0
5.71249054154572,7.184750733137833,2.386223341,2.5,-4.838709677419359,2.081489844,0.0,2.0,8.7,1.0,2.284946236559148,-5.665526230042359,0.0,0
-5.1767032764219705,-7.478005865102631,2.098694475,-2.5,-8.064516129032256,2.106165699,0.0,2.0,8.7,1.0,-4.2033235581622606,-2.2890192245030976,0.0,0
16.60168435951341,18.328445747800572,3.249237738,7.5,15.102639296187673,2.299062861,0.0,2.0,8.7,1.0,1.9468882372108105,1.6902899967416065,0.0,0
-5.1767032764219705,-1.0263929618768373,2.684926296,-7.5,-20.087976539589448,2.302065658,0.0,2.0,8.7,1.0,2.2482893450635335,-3.0262300423590673,0.0,0
-5.1767032764219705,-5.718475073313784,1.62088549,7.5,12.756598240469202,1.998295614,0.0,2.0,8.7,1.0,-2.4437927663734134,-0.6557510589768647,0.0,0
16.60168435951341,19.208211143695024,1.77563245,-7.5,-20.967741935483875,1.998192692,0.0,2.0,8.7,1.0,2.8266536331052627,-3.9059954382534947,0.0,0
16.60168435951341,17.448680351906148,2.848541638,2.5,2.4926686217008864,3.248540672,0.0,2.0,8.7,1.0,1.0671228413163867,1.6658520690778866,0.0,0
16.60168435951341,18.62170087976537,2.415600175,-2.5,-6.304985337243409,2.535861174,0.0,2.0,8.7,1.0,2.240143369175609,-0.52948843271425,0.0,0
16.60168435951341,18.328445747800572,2.157003237,7.5,14.809384164222848,2.064714272,0.0,2.0,8.7,1.0,1.9468882372108105,1.3970348647767814,0.0,0
5.71249054154572,1.0263929618768373,1.298988765,2.5,-4.252199413489734,1.919216479,0.0,2.0,8.7,1.0,-3.873411534701848,-5.079015966112734,0.0,0
-16.06589709438966,-17.155425219941378,1.543025005,-7.5,-16.275659824046926,1.782644034,0.0,2.0,8.7,1.0,-1.836917562724027,0.7860866731834548,0.0,0
-5.1767032764219705,-0.14662756598241344,2.24717122,-2.5,-6.304985337243409,5.016108141,0.0,2.0,8.7,1.0,3.1280547409579573,-0.52948843271425,0.0,0
-5.1767032764219705,-4.838709677419359,3.997799811,2.5,7.771260997067429,2.949685686,0.0,2.0,8.7,1.0,-1.5640273704789887,6.9444444444444295,0.0,0
5.71249054154572,7.184750733137833,2.015347866,-7.5,-15.982404692082127,2.38536753,0.0,2.0,8.7,1.0,2.284946236559148,1.0793418051482533,0.0,0
-5.1767032764219705,-0.4398826979472119,2.640355105,-2.5,-4.5454545454545325,2.232881807,0.0,2.0,8.7,1.0,2.834799608993159,1.2300423590746261,0.0,0
5.71249054154572,8.064516129032256,2.45909292,7.5,19.208211143695024,3.581465317,0.0,2.0,8.7,1.0,3.164711632453571,5.795861844248957,0.0,0
-16.06589709438966,-15.395894428152504,2.21510586,-7.5,-12.463343108504432,5.598436908,0.0,2.0,8.7,1.0,-0.07738677093515278,4.598403388725949,0.0,0
5.71249054154572,4.252199413489734,2.08338325,7.5,11.583577712609952,2.149224407,0.0,2.0,8.7,1.0,-0.6476050830889513,-1.8287715868361154,0.0,0
-16.06589709438966,-10.410557184750758,2.065446442,-2.5,-1.3196480938416357,5.065203181,0.0,2.0,8.7,1.0,4.907950472466593,4.455848810687523,0.0,0
5.71249054154572,2.7859237536656845,2.316547763,2.5,4.252199413489734,2.160079928,0.0,2.0,8.7,1.0,-2.113880742913001,3.4253828608667343,0.0,0
16.60168435951341,16.568914956011724,2.826590214,2.5,1.3196480938416357,3.43990286,0.0,2.0,8.7,1.0,0.18735744542196286,0.4928315412186358,0.0,0
-16.06589709438966,-13.636363636363654,1.615702259,-2.5,-5.718475073313784,2.381623629,0.0,2.0,8.7,1.0,1.6821440208536966,0.05702183121537452,0.0,0
-16.06589709438966,-15.982404692082127,2.331033239,7.5,13.929618768328424,2.759555379,0.0,2.0,8.7,1.0,-0.6638970348647764,0.5172694688823576,0.0,0
-16.06589709438966,-17.741935483870975,1.833445815,-7.5,-19.794721407624653,2.480906638,0.0,2.0,8.7,1.0,-2.423427826653624,-2.7329749103942724,0.0,0
-5.1767032764219705,-3.3724340175953103,2.671344285,2.5,-0.4398826979472119,3.964094207,0.0,2.0,8.7,1.0,-0.09775171065493948,-1.2666992505702117,0.0,0
16.60168435951341,11.876832844574778,1.76507105,-7.5,-17.155425219941378,1.915960888,0.0,2.0,8.7,1.0,-4.504724666014983,-0.09367872271099742,0.0,0
-5.1767032764219705,-2.4926686217008864,2.01500564,-2.5,-4.5454545454545325,2.304360263,0.0,2.0,8.7,1.0,0.7820136852394843,1.2300423590746261,0.0,0
16.60168435951341,20.674486803519073,3.232179377,7.5,13.049853372434002,2.290540194,0.0,2.0,8.7,1.0,4.292929292929312,-0.36249592701206446,0.0,0
5.71249054154572,-3.0791788856304834,2.282647257,7.5,13.636363636363626,2.139803502,0.0,2.0,8.7,1.0,-7.978983382209169,0.22401433691755912,1.0,0
-5.1767032764219705,-2.4926686217008864,1.782596988,2.5,-4.838709677419359,3.630809408,0.0,2.0,8.7,1.0,0.7820136852394843,-5.665526230042359,0.0,0
16.60168435951341,16.275659824046897,3.23099013,-7.5,-15.102639296187702,2.077570728,0.0,2.0,8.7,1.0,-0.10589768654286402,1.9591072010426789,0.0,0
-16.06589709438966,-11.58357771260998,1.721877541,-2.5,-7.478005865102631,3.799680151,0.0,2.0,8.7,1.0,3.734929944607371,-1.7025089605734722,0.0,0
-16.06589709438966,-8.357771260997055,3.590833226,7.5,15.982404692082099,2.227182865,0.0,2.0,8.7,1.0,6.960736396220296,2.570055392636032,0.0,0
16.60168435951341,18.62170087976537,2.993063353,2.5,-9.237536656891479,2.215651866,0.0,2.0,8.7,1.0,2.240143369175609,-10.06435320951448,0.0,0
-16.06589709438966,-12.170087976539605,2.453203542,-7.5,-20.087976539589448,2.149122847,0.0,2.0,8.7,1.0,3.148419680677746,-3.0262300423590673,0.0,0
5.71249054154572,7.771260997067429,3.064624219,-2.5,-3.3724340175953103,1.715018537,0.0,2.0,8.7,1.0,2.871456500488744,2.4030628869338484,0.0,0
-5.1767032764219705,0.4398826979472119,1.16490281,2.5,-8.651026392961882,2.449569084,0.0,2.0,8.7,1.0,3.7145650048875827,-9.477842945584882,0.0,0
-5.1767032764219705,-2.7859237536656845,2.132350594,-7.5,-19.50146627565985,2.672965145,0.0,2.0,8.7,1.0,0.4887585532746863,-2.4397197784294704,0.0,0
-16.06589709438966,-6.304985337243409,4.989899133,7.5,13.929618768328424,2.075116125,0.0,2.0,8.7,1.0,9.013522319973942,0.5172694688823576,1.0,0
5.71249054154572,5.425219941348956,3.597170715,-2.5,-5.131964809384158,4.309091643,0.0,2.0,8.7,1.0,0.525415444770271,0.6435320951450008,0.0,0
-16.06589709438966,-15.68914956011733,2.797544638,-2.5,-5.425219941348956,4.818492227,0.0,2.0,8.7,1.0,-0.37064190289997967,0.3502769631802023,0.0,0
16.60168435951341,17.448680351906148,2.216018301,7.5,21.260997067448702,2.932129678,0.0,2.0,8.7,1.0,1.0671228413163867,7.848647768002635,0.0,0
5.71249054154572,4.5454545454545325,2.520577223,2.5,-12.170087976539605,2.06602891,0.0,2.0,8.7,1.0,-0.3543499511241528,-12.996904529162606,0.0,1
5.71249054154572,4.838709677419359,2.432406501,-7.5,-20.38123167155428,2.365104453,0.0,2.0,8.7,1.0,-0.06109481915932591,-3.319485174323898,0.0,0
-16.06589709438966,-17.155425219941378,4.123556962,2.5,2.1994134897360595,2.340150429,1.0,2.0,8.7,1.0,-2.6637341153470278,0.43988269794720725,0.0,0
5.71249054154572,4.838709677419359,2.365859394,-2.5,-3.0791788856304834,3.880351987,1.0,2.0,8.7,1.0,-1.2218963831867002,2.6148582600195622,0.0,0
16.60168435951341,18.914956011730226,3.749769783,7.5,10.41055718475073,1.825573047,1.0,2.0,8.7,1.0,0.904203323558189,-5.547409579667649,0.0,0
-5.1767032764219705,-5.131964809384158,2.699909722,-7.5,-13.929618768328451,4.647308125,1.0,2.0,8.7,1.0,-2.8347996089931535,0.6598240469208339,0.0,0
5.71249054154572,8.651026392961882,2.631881847,2.5,0.7331378299120104,1.925543154,1.0,2.0,8.7,1.0,2.590420332355822,-1.026392961876842,0.0,0
-5.1767032764219705,-3.665689149560109,1.949107149,-2.5,-1.6129032258064628,2.998124287,1.0,2.0,8.7,1.0,-1.3685239491691048,4.081133919843583,0.0,0
16.60168435951341,21.554252199413497,2.885558511,7.5,14.809384164222848,2.164614723,1.0,2.0,8.7,1.0,3.5434995112414605,-1.14858260019553,0.0,0
-5.1767032764219705,-4.5454545454545325,2.305532995,-7.5,-11.876832844574807,3.615690365,1.0,2.0,8.7,1.0,-2.248289345063528,2.712609970674478,0.0,0
-5.1767032764219705,-0.7331378299120104,3.299249109,7.5,19.794721407624653,2.613842639,1.0,2.0,8.7,1.0,1.564027370478994,3.836754643206275,0.0,0
16.60168435951341,18.62170087976537,2.663977236,-7.5,-12.170087976539605,3.84696223,1.0,2.0,8.7,1.0,0.6109481915933337,2.4193548387096797,0.0,0
16.60168435951341,12.463343108504375,2.216492493,2.5,3.0791788856304834,1.815972338,1.0,2.0,8.7,1.0,-5.5474095796676615,1.319648093841631,0.0,0
16.60168435951341,15.395894428152475,2.315722633,-2.5,-4.838709677419359,3.581465873,1.0,2.0,8.7,1.0,-2.6148582600195613,0.8553274682306862,0.0,0
16.60168435951341,15.689149560117302,1.994103637,7.5,11.290322580645153,2.114725732,1.0,2.0,8.7,1.0,-2.3216031280547345,-4.667644183773225,0.0,0
5.71249054154572,3.0791788856304834,2.497110543,2.5,-2.4926686217008864,2.147573929,1.0,2.0,8.7,1.0,-2.9814271749755763,-4.2521994134897385,0.0,0
-16.06589709438966,-11.290322580645181,2.248370615,-7.5,-13.049853372434029,3.33301044,1.0,2.0,8.7,1.0,3.201368523949169,1.539589442815256,0.0,0
-5.1767032764219705,1.0263929618768373,1.599053221,-2.5,-8.064516129032256,2.380799678,1.0,2.0,8.7,1.0,3.3235581622678416,-2.3704789833822106,0.0,0
-5.1767032764219705,-0.14662756598241344,1.47316447,2.5,1.6129032258064628,2.031172386,1.0,2.0,8.7,1.0,2.150537634408591,-0.14662756598238946,0.0,0
5.71249054154572,4.838709677419359,2.043769146,-7.5,-11.876832844574807,3.222780892,1.0,2.0,8.7,1.0,-1.2218963831867002,2.712609970674478,0.0,0
-5.1767032764219705,0.4398826979472119,2.811011906,-2.5,-4.5454545454545325,2.165528812,1.0,2.0,8.7,1.0,2.7370478983382163,1.148582600195513,0.0,0
5.71249054154572,8.064516129032256,2.215203732,7.5,10.41055718475073,2.282359643,1.0,2.0,8.7,1.0,2.0039100684261966,-5.547409579667649,0.0,0
-16.06589709438966,-16.86217008797655,2.582188522,-7.5,-10.703812316715556,2.249219897,1.0,2.0,8.7,1.0,-2.370478983382201,3.885630498533729,0.0,0
5.71249054154572,6.598240469208207,2.849218108,7.5,8.651026392961882,2.867136784,1.0,2.0,8.7,1.0,0.5376344086021474,-7.306940371456497,0.0,0
-16.06589709438966,-13.636363636363654,3.765642224,-2.5,-3.0791788856304834,3.814367445,1.0,2.0,8.7,1.0,0.8553274682306959,2.6148582600195622,0.0,0
5.71249054154572,8.064516129032256,1.900175106,2.5,2.4926686217008864,3.609803804,1.0,2.0,8.7,1.0,2.0039100684261966,0.7331378299120341,0.0,0
16.60168435951341,18.328445747800572,3.065865995,2.5,-0.4398826979472119,1.697324026,1.0,2.0,8.7,1.0,0.3176930596285352,-2.199413489736064,0.0,0
-16.06589709438966,-13.343108504398856,1.91509769,-2.5,-6.304985337243409,2.248469438,1.0,2.0,8.7,1.0,1.1485826001954944,-0.610948191593363,0.0,0
-16.06589709438966,-14.22287390029328,2.507311716,7.5,21.554252199413497,2.33185201,1.0,2.0,8.7,1.0,0.2688172043010706,5.596285434995119,0.0,0
-16.06589709438966,-16.86217008797655,1.375434105,-7.5,-10.410557184750758,2.297294879,1.0,2.0,8.7,1.0,-2.370478983382201,4.178885630498527,0.0,0
-5.1767032764219705,-5.718475073313784,2.612622071,2.5,5.131964809384158,2.009584902,1.0,2.0,8.7,1.0,-3.4213098729227798,3.372434017595306,0.0,0
16.60168435951341,18.62170087976537,1.83490716,-7.5,-17.155425219941378,1.832024482,1.0,2.0,8.7,1.0,0.6109481915933337,-2.565982404692093,0.0,0
-5.1767032764219705,-1.0263929618768373,1.391813803,-2.5,-3.9589442815249356,3.181987681,1.0,2.0,8.7,1.0,1.270772238514167,1.73509286412511,0.0,0
16.60168435951341,18.62170087976537,2.142494353,7.5,21.847507331378324,2.797701902,1.0,2.0,8.7,1.0,0.6109481915933337,5.889540566959946,0.0,0
5.71249054154572,1.6129032258064628,2.611350239,7.5,18.914956011730226,2.231465324,1.0,2.0,8.7,1.0,-4.447702834799597,2.9569892473118475,0.0,0
-5.1767032764219705,-2.7859237536656845,1.469852003,2.5,-2.7859237536656845,1.680477833,1.0,2.0,8.7,1.0,-0.4887585532746801,-4.545454545454537,0.0,0
16.60168435951341,18.328445747800572,3.263378558,-7.5,-17.155425219941378,1.688166185,1.0,2.0,8.7,1.0,0.3176930596285352,-2.565982404692093,0.0,0
-16.06589709438966,-15.102639296187702,2.248865931,-2.5,-7.771260997067429,2.348535805,1.0,2.0,8.7,1.0,-0.6109481915933515,-2.0772238514173837,0.0,0
-16.06589709438966,-14.516129032258078,2.234427113,7.5,17.741935483870947,2.648731356,1.0,2.0,8.7,1.0,-0.024437927663727876,1.7839687194525684,0.0,0
16.60168435951341,18.914956011730226,1.93220751,2.5,5.131964809384158,2.081829662,1.0,2.0,8.7,1.0,0.904203323558189,3.372434017595306,0.0,0
-16.06589709438966,-14.516129032258078,2.065866922,-7.5,-15.395894428152504,2.699457354,1.0,2.0,8.7,1.0,-0.024437927663727876,-0.8064516129032189,0.0,0
5.71249054154572,10.41055718475073,1.607214724,-2.5,-7.184750733137833,2.680751861,1.0,2.0,8.7,1.0,4.34995112414467,-1.4907135874877877,0.0,0
-5.1767032764219705,-2.7859237536656845,1.633314275,2.5,1.0263929618768373,1.814231919,1.0,2.0,8.7,1.0,-0.4887585532746801,-0.733137829912015,0.0,0
-5.1767032764219705,-2.4926686217008864,2.396426379,-7.5,-22.140762463343123,2.081077514,1.0,2.0,8.7,1.0,-0.19550342130988208,-7.551319648093838,0.0,0
-16.06589709438966,-13.343108504398856,2.533852361,7.5,20.087976539589448,1.849443874,1.0,2.0,8.7,1.0,1.1485826001954944,4.13000977517107,0.0,0
5.71249054154572,5.718475073313784,2.673069536,-2.5,-8.944281524926682,2.081746786,1.0,2.0,8.7,1.0,-0.34213098729227553,-3.2502443792766362,0.0,0
-16.06589709438966,-13.049853372434029,1.524802561,-2.5,-8.944281524926682,1.631487374,1.0,2.0,8.7,1.0,1.4418377321603213,-3.2502443792766362,0.0,0
16.60168435951341,20.674486803519073,1.599707741,7.5,15.982404692082099,1.655291701,1.0,2.0,8.7,1.0,2.6637341153470366,0.02443792766372077,0.0,0
5.71249054154572,6.598240469208207,3.229443269,2.5,5.425219941348956,1.615622591,1.0,2.0,8.7,1.0,0.5376344086021474,3.6656891495601043,0.0,0
5.71249054154572,4.252199413489734,3.249531238,-7.5,-19.208211143695024,1.931048732,1.0,2.0,8.7,1.0,-1.8084066471163256,-4.618768328445739,0.0,0
-16.06589709438966,-21.847507331378324,1.999404408,2.5,15.395894428152475,4.248161519,0.0,3.0,5.4,-1.0,-6.528999674160973,14.569077875529475,1.0,1
5.71249054154572,4.252199413489734,2.964624231,-7.5,-18.035190615835802,2.414393447,0.0,3.0,5.4,-1.0,-0.6476050830889513,-0.9734441186054212,0.0,0
-16.06589709438966,-11.58357771260998,1.632325912,7.5,9.237536656891479,2.314800367,0.0,3.0,5.4,-1.0,3.734929944607371,-4.174812642554588,0.0,0
16.60168435951341,12.756598240469202,1.950050612,-2.5,-9.530791788856334,2.697835583,0.0,3.0,5.4,-1.0,-3.6249592701205593,-3.755294884327175,0.0,0
-16.06589709438966,-13.929618768328451,1.781363138,2.5,5.718475073313784,3.223381422,0.0,3.0,5.4,-1.0,1.3888888888889,4.891658520690784,0.0,0
-5.1767032764219705,-2.1994134897360595,1.28962641,-2.5,-3.665689149560109,2.838876224,0.0,3.0,5.4,-1.0,1.0752688172043112,2.1098077549690495,0.0,0
5.71249054154572,3.665689149560109,2.685477367,7.5,14.22287390029325,2.131379717,0.0,3.0,5.4,-1.0,-1.2341153470185762,0.8105246008471827,0.0,0
-16.06589709438966,-21.554252199413497,2.68325265,-7.5,-20.674486803519073,2.465325649,0.0,3.0,5.4,-1.0,-6.235744542196146,-3.6127403062886927,1.0,0
-16.06589709438966,-15.982404692082127,2.550353937,-2.5,-8.064516129032256,2.214260177,0.0,3.0,5.4,-1.0,-0.6638970348647764,-2.2890192245030976,0.0,0
5.71249054154572,4.5454545454545325,2.59843479,2.5,5.131964809384158,2.647880651,0.0,3.0,5.4,-1.0,-0.3543499511241528,4.305148256761158,0.0,0
16.60168435951341,18.328445747800572,2.349311487,-7.5,-17.448680351906177,2.322475832,0.0,3.0,5.4,-1.0,1.9468882372108105,-0.3869338546757959,0.0,0
-16.06589709438966,-16.275659824046926,1.776868289,7.5,12.170087976539577,2.491431227,0.0,3.0,5.4,-1.0,-0.9571521668295748,-1.24226132290649,0.0,0
16.60168435951341,19.50146627565985,3.181696568,7.5,10.41055718475073,1.898520817,0.0,3.0,5.4,-1.0,3.1199087650700896,-3.0017921146953377,0.0,0
-5.1767032764219705,-5.425219941348956,4.065859091,-2.5,-6.8914956011730055,1.848676462,0.0,3.0,5.4,-1.0,-2.1505376344085856,-1.1159986966438469,0.0,0
-16.06589709438966,-14.809384164222905,2.749811465,-7.5,-13.049853372434029,4.448202156,0.0,3.0,5.4,-1.0,0.5091234929944459,4.011893124796352,0.0,0
16.60168435951341,19.50146627565985,1.615124294,2.5,-4.5454545454545325,1.899445473,0.0,3.0,5.4,-1.0,3.1199087650700896,-5.372271098077532,0.0,0
16.60168435951341,15.689149560117302,1.698480338,2.5,-9.530791788856334,3.14889907,0.0,3.0,5.4,-1.0,-0.6924079504724592,-10.357608341479335,0.0,0
-16.06589709438966,-14.516129032258078,2.353713133,7.5,12.463343108504375,1.999083567,0.0,3.0,5.4,-1.0,0.8023786249592728,-0.9490061909416916,0.0,0
5.71249054154572,3.0791788856304834,2.848386854,-2.5,-7.478005865102631,3.899112363,0.0,3.0,5.4,-1.0,-1.820625610948202,-1.7025089605734722,0.0,0
-5.1767032764219705,-4.5454545454545325,1.749101016,-7.5,-10.997067448680383,4.614944692,0.0,3.0,5.4,-1.0,-1.2707722385141618,6.064679048549998,0.0,0
5.71249054154572,3.9589442815249356,1.932359063,2.5,-3.0791788856304834,2.066478876,0.0,3.0,5.4,-1.0,-0.9408602150537497,-3.905995438253483,0.0,0
-5.1767032764219705,-7.184750733137833,2.042282928,-2.5,-6.304985337243409,1.793220726,0.0,3.0,5.4,-1.0,-3.9100684261974625,-0.52948843271425,0.0,0
16.60168435951341,15.395894428152475,2.193573107,7.5,15.102639296187673,2.21524974,0.0,3.0,5.4,-1.0,-0.9856630824372861,1.6902899967416065,0.0,0
16.60168435951341,19.50146627565985,2.06570867,-7.5,-14.22287390029328,2.93010478,0.0,3.0,5.4,-1.0,3.1199087650700896,2.838872596937101,0.0,0
-5.1767032764219705,-2.4926686217008864,1.785357157,-2.5,-7.771260997067429,2.849467455,0.0,3.0,5.4,-1.0,0.7820136852394843,-1.9957640925382707,0.0,0
5.71249054154572,6.598240469208207,1.465294245,-7.5,-14.516129032258078,2.181269065,0.0,3.0,5.4,-1.0,1.6984359726295217,2.5456174649723025,0.0,0
-5.1767032764219705,-3.9589442815249356,1.905803953,2.5,-9.530791788856334,2.897375287,0.0,3.0,5.4,-1.0,-0.6842619745845648,-10.357608341479335,0.0,0
-16.06589709438966,-18.035190615835802,2.29931059,7.5,11.876832844574778,4.098851425,0.0,3.0,5.4,-1.0,-2.716682958618451,-1.5355164548712885,0.0,0
-5.1767032764219705,-1.6129032258064628,1.749127743,-2.5,-8.357771260997055,1.438394954,0.0,3.0,5.4,-1.0,1.661779081133908,-2.582274356467896,0.0,0
16.60168435951341,14.22287390029325,1.982920578,7.5,13.929618768328424,1.53084078,0.0,3.0,5.4,-1.0,-2.158683610296512,0.5172694688823576,0.0,0
-16.06589709438966,-16.275659824046926,1.781306814,-7.5,-14.22287390029328,3.098133669,0.0,3.0,5.4,-1.0,-0.9571521668295748,2.838872596937101,0.0,0
16.60168435951341,13.049853372434002,1.866663877,2.5,-6.304985337243409,1.8991309,0.0,3.0,5.4,-1.0,-3.331704138155759,-7.131801889866408,0.0,0
-5.1767032764219705,-1.906158357771261,1.985082685,2.5,-6.011730205278582,2.074592811,0.0,3.0,5.4,-1.0,1.3685239491691097,-6.8385467579015815,0.0,0
-5.1767032764219705,-5.718475073313784,1.699077242,7.5,12.170087976539577,1.615520731,0.0,3.0,5.4,-1.0,-2.4437927663734134,-1.24226132290649,0.0,0
16.60168435951341,17.448680351906148,1.698664142,-2.5,-9.237536656891479,1.628482209,0.0,3.0,5.4,-1.0,1.0671228413163867,-3.46203975236232,0.0,0
-16.06589709438966,-13.049853372434029,2.048666094,-7.5,-8.064516129032256,4.01434558,0.0,3.0,5.4,-1.0,2.268654284783322,8.997230368198124,0.0,0
5.71249054154572,4.838709677419359,1.14975615,-2.5,-3.3724340175953103,1.848664381,0.0,3.0,5.4,-1.0,-0.06109481915932591,2.4030628869338484,0.0,0
-5.1767032764219705,-3.3724340175953103,1.39796637,-7.5,-13.343108504398856,2.397999292,0.0,3.0,5.4,-1.0,-0.09775171065493948,3.7186379928315247,0.0,0
16.60168435951341,15.102639296187673,1.372705664,2.5,0.7331378299120104,7.54626868,0.0,3.0,5.4,-1.0,-1.278918214402088,-0.09367872271098954,0.0,0
-16.06589709438966,-14.22287390029328,1.972291103,7.5,10.997067448680355,2.140534567,0.0,3.0,5.4,-1.0,1.0956337569240713,-2.4152818507657123,0.0,0
-5.1767032764219705,-4.252199413489734,3.808317069,-2.5,-3.0791788856304834,3.160547098,0.0,3.0,5.4,-1.0,-0.9775171065493633,2.6963180188986753,0.0,0
5.71249054154572,7.478005865102631,2.352041009,2.5,12.463343108504375,2.915628302,0.0,3.0,5.4,-1.0,2.5782013685239455,11.636526555881375,0.0,0
5.71249054154572,5.425219941348956,2.681633615,7.5,15.102639296187673,2.677621505,0.0,3.0,5.4,-1.0,0.525415444770271,1.6902899967416065,0.0,0
5.71249054154572,4.252199413489734,3.948656565,-7.5,-13.049853372434029,2.447727747,0.0,3.0,5.4,-1.0,-0.6476050830889513,4.011893124796352,0.0,0
-5.1767032764219705,-2.1994134897360595,2.16642836,2.5,0.7331378299120104,1.989127616,0.0,3.0,5.4,-1.0,1.0752688172043112,-0.09367872271098954,0.0,0
16.60168435951341,16.568914956011724,2.68204901,-7.5,-11.58357771260998,2.846952015,0.0,3.0,5.4,-1.0,0.18735744542196286,5.478168784620401,0.0,0
5.71249054154572,2.7859237536656845,1.844744033,7.5,15.102639296187673,2.281650007,0.0,3.0,5.4,-1.0,-2.113880742913001,1.6902899967416065,0.0,0
5.71249054154572,2.7859237536656845,2.000156686,-2.5,-1.6129032258064628,2.615659158,0.0,3.0,5.4,-1.0,-2.113880742913001,4.162593678722696,0.0,0
-16.06589709438966,-16.275659824046926,3.102391676,2.5,1.6129032258064628,3.448087073,1.0,3.0,5.4,-1.0,-2.4682306940371372,-1.075268817204287,0.0,0
5.71249054154572,4.5454545454545325,2.266938421,-2.5,-2.7859237536656845,2.681208069,1.0,3.0,5.4,-1.0,-0.757575757575772,2.8836754643206253,0.0,0
16.60168435951341,17.15542521994132,1.932687385,7.5,15.395894428152475,1.849118124,1.0,3.0,5.4,-1.0,-0.26881720430109013,0.29325513196479847,0.0,0
-5.1767032764219705,-1.6129032258064628,2.325062302,-7.5,-8.651026392961882,1.835949775,1.0,3.0,5.4,-1.0,0.4887585532746732,5.571847507331384,0.0,0
5.71249054154572,8.651026392961882,1.948883707,2.5,5.131964809384158,2.286563142,1.0,3.0,5.4,-1.0,3.347996089931577,2.443792766373408,0.0,0
-5.1767032764219705,-0.7331378299120104,1.581121733,-2.5,-3.665689149560109,2.441331409,1.0,3.0,5.4,-1.0,1.3685239491691257,2.0039100684262006,0.0,0
16.60168435951341,17.741935483870947,2.131466777,7.5,20.674486803519073,2.071578313,1.0,3.0,5.4,-1.0,0.3176930596285352,5.571847507331396,0.0,0
-5.1767032764219705,-3.0791788856304834,2.882539182,-7.5,-16.275659824046926,2.015119784,1.0,3.0,5.4,-1.0,-0.9775171065493473,-2.0527859237536603,0.0,0
-5.1767032764219705,-1.6129032258064628,1.38364671,7.5,17.15542521994132,3.530353024,1.0,3.0,5.4,-1.0,0.4887585532746732,2.0527859237536443,0.0,0
16.60168435951341,20.967741935483875,2.766073931,-7.5,-9.237536656891479,2.16561551,1.0,3.0,5.4,-1.0,3.543499511241464,4.985337243401787,0.0,0
16.60168435951341,17.448680351906148,2.53281246,2.5,8.064516129032256,2.981818805,1.0,3.0,5.4,-1.0,0.024437927663736758,5.376344086021506,0.0,0
16.60168435951341,18.328445747800572,3.898656147,-2.5,-6.011730205278582,1.832524068,1.0,3.0,5.4,-1.0,0.9042033235581606,-0.342130987292272,0.0,0
16.60168435951341,17.741935483870947,2.899348872,7.5,15.395894428152475,2.514957989,1.0,3.0,5.4,-1.0,0.3176930596285352,0.29325513196479847,0.0,0
5.71249054154572,3.9589442815249356,2.132277332,2.5,-2.4926686217008864,2.042339718,1.0,3.0,5.4,-1.0,-1.344086021505369,-5.180840664711637,0.0,0
-16.06589709438966,-15.395894428152504,1.515602578,-7.5,-19.208211143695024,2.26422009,1.0,3.0,5.4,-1.0,-1.5884652981427152,-4.985337243401759,0.0,0
-5.1767032764219705,1.0263929618768373,1.081983875,-2.5,-6.598240469208207,1.697629297,1.0,3.0,5.4,-1.0,3.1280547409579733,-0.9286412512218973,0.0,0
-5.1767032764219705,-1.6129032258064628,1.601786699,2.5,6.011730205278582,1.527195427,1.0,3.0,5.4,-1.0,0.4887585532746732,3.323558162267832,0.0,0
5.71249054154572,6.598240469208207,1.699907877,-7.5,-21.260997067448702,2.066970228,1.0,3.0,5.4,-1.0,1.2952101661779025,-7.038123167155437,0.0,0
-5.1767032764219705,-3.9589442815249356,1.381805393,-2.5,-4.5454545454545325,2.699757334,1.0,3.0,5.4,-1.0,-1.8572825024437996,1.1241446725317772,0.0,0
5.71249054154572,5.718475073313784,1.46571877,7.5,20.38123167155428,1.630771821,1.0,3.0,5.4,-1.0,0.4154447702834796,5.2785923753666015,0.0,0
-16.06589709438966,-12.756598240469229,1.508277715,-7.5,-10.997067448680383,2.287639923,1.0,3.0,5.4,-1.0,1.0508308895405598,3.2258064516128826,0.0,0
5.71249054154572,5.718475073313784,2.58196072,7.5,9.530791788856305,1.972084405,1.0,3.0,5.4,-1.0,0.4154447702834796,-5.571847507331372,0.0,0
-16.06589709438966,-4.838709677419359,0.219560595,-2.5,-3.9589442815249356,2.545129042,1.0,3.0,5.4,-1.0,8.96871945259043,1.7106549364613741,1.0,0
5.71249054154572,4.838709677419359,2.247001782,2.5,10.703812316715528,2.682754465,1.0,3.0,5.4,-1.0,-0.4643206256109451,8.015640273704777,0.0,0
16.60168435951341,15.689149560117302,1.532639245,2.5,-3.3724340175953103,2.749054399,1.0,3.0,5.4,-1.0,-1.735092864125109,-6.0606060606060606,0.0,0
-16.06589709438966,-10.997067448680383,1.755925268,-2.5,-3.9589442815249356,1.746840533,1.0,3.0,5.4,-1.0,2.8103616813294057,1.7106549364613741,0.0,0
-16.06589709438966,-16.275659824046926,1.666588881,7.5,18.328445747800572,2.299233515,1.0,3.0,5.4,-1.0,-2.4682306940371372,3.225806451612895,0.0,0
-16.06589709438966,-15.102639296187702,1.532052029,-7.5,-20.087976539589448,1.824697484,1.0,3.0,5.4,-1.0,-1.2952101661779132,-5.8651026392961825,0.0,0
-5.1767032764219705,-3.3724340175953103,1.914616042,2.5,2.1994134897360595,3.428328737,1.0,3.0,5.4,-1.0,-1.2707722385141742,-0.4887585532746903,0.0,0
16.60168435951341,17.448680351906148,1.664314252,-7.5,-15.68914956011733,1.831415738,1.0,3.0,5.4,-1.0,0.024437927663736758,-1.4662756598240652,0.0,0
-5.1767032764219705,-4.252199413489734,1.415299683,-2.5,-8.651026392961882,1.549042185,1.0,3.0,5.4,-1.0,-2.150537634408598,-2.981427174975572,0.0,0
16.60168435951341,15.982404692082099,1.894029451,7.5,20.087976539589448,1.664136138,1.0,3.0,5.4,-1.0,-1.4418377321603124,4.985337243401771,0.0,0
5.71249054154572,3.3724340175953103,2.42815094,7.5,12.463343108504375,1.51452251,1.0,3.0,5.4,-1.0,-1.9305962854349943,-2.6392961876833017,0.0,0
-5.1767032764219705,-3.3724340175953103,1.602506325,2.5,-3.665689149560109,1.669538475,1.0,3.0,5.4,-1.0,-1.2707722385141742,-6.353861192570859,0.0,0
16.60168435951341,16.568914956011724,1.465062471,-7.5,-20.967741935483875,1.89695189,1.0,3.0,5.4,-1.0,-0.8553274682306871,-6.74486803519061,0.0,0
-16.06589709438966,-11.290322580645181,1.83327442,-2.5,-7.771260997067429,2.14159301,1.0,3.0,5.4,-1.0,2.517106549364607,-2.1016617790811196,0.0,0
-16.06589709438966,-18.3284457478006,2.215018267,7.5,9.530791788856305,2.447955625,1.0,3.0,5.4,-1.0,-4.521016617790812,-5.571847507331372,0.0,0
16.60168435951341,18.62170087976537,2.76951858,2.5,0.4398826979472119,2.15624715,1.0,3.0,5.4,-1.0,1.197458455522959,-2.248289345063538,0.0,0
-16.06589709438966,-13.929618768328451,2.147799775,-7.5,-2.4926686217008864,4.326602828,1.0,3.0,5.4,-1.0,-0.12218963831866247,11.73020527859238,0.0,0
5.71249054154572,3.3724340175953103,2.814896757,-2.5,-7.771260997067429,1.515638879,1.0,3.0,5.4,-1.0,-1.9305962854349943,-2.1016617790811196,0.0,0
-5.1767032764219705,-1.6129032258064628,1.699227612,2.5,2.4926686217008864,2.515504634,1.0,3.0,5.4,-1.0,0.4887585532746732,-0.19550342130986342,0.0,0
-5.1767032764219705,-1.0263929618768373,1.065255537,-7.5,-10.410557184750758,1.968806353,1.0,3.0,5.4,-1.0,1.0752688172042988,3.812316715542508,0.0,0
-16.06589709438966,-15.395894428152504,1.83201599,7.5,11.876832844574778,2.351593137,1.0,3.0,5.4,-1.0,-1.5884652981427152,-3.2258064516128986,0.0,0
5.71249054154572,6.304985337243409,1.53200322,-2.5,-8.944281524926682,1.380762337,1.0,3.0,5.4,-1.0,1.001955034213104,-3.274682306940372,0.0,0
-16.06589709438966,-15.102639296187702,1.608866786,-2.5,-3.3724340175953103,4.142233763,1.0,3.0,5.4,-1.0,-1.2952101661779132,2.2971652003909995,0.0,0
16.60168435951341,15.395894428152475,1.312092163,7.5,10.41055718475073,1.709112482,1.0,3.0,5.4,-1.0,-2.028347996089936,-4.692082111436948,0.0,0
5.71249054154572,4.838709677419359,2.014911104,2.5,5.131964809384158,1.848215705,1.0,3.0,5.4,-1.0,-0.4643206256109451,2.443792766373408,0.0,0
5.71249054154572,5.718475073313784,2.016415023,-7.5,-15.395894428152504,1.449185377,1.0,3.0,5.4,-1.0,0.4154447702834796,-1.1730205278592383,0.0,0
-16.06589709438966,-16.275659824046926,2.293816523,2.5,-1.0263929618768373,2.998816818,0.0,4.0,8.7,-1.0,-0.9571521668295748,-1.853209514499837,0.0,0
5.71249054154572,6.8914956011730055,2.21360651,-2.5,-8.944281524926682,2.01353349,0.0,4.0,8.7,-1.0,1.9916911045943202,-3.168784620397523,0.0,0
16.60168435951341,16.568914956011724,1.24897967,7.5,11.583577712609952,2.147633403,0.0,4.0,8.7,-1.0,0.18735744542196286,-1.8287715868361154,0.0,0
-5.1767032764219705,-2.4926686217008864,1.165125186,-7.5,-16.275659824046926,2.215652601,0.0,4.0,8.7,-1.0,0.7820136852394843,0.7860866731834548,0.0,0
5.71249054154572,8.064516129032256,1.765496513,2.5,-3.3724340175953103,4.516910983,0.0,4.0,8.7,-1.0,3.164711632453571,-4.19925057021831,0.0,0
-5.1767032764219705,-1.6129032258064628,1.89921076,-2.5,-3.0791788856304834,3.448861508,0.0,4.0,8.7,-1.0,1.661779081133908,2.6963180188986753,0.0,0
16.60168435951341,18.62170087976537,2.58180348,7.5,10.117302052785902,2.165554715,0.0,4.0,8.7,-1.0,2.240143369175609,-3.2950472466601646,0.0,0
-5.1767032764219705,-6.011730205278582,1.915699912,-7.5,-18.035190615835802,2.047650899,0.0,4.0,8.7,-1.0,-2.737047898338211,-0.9734441186054212,0.0,0
-5.1767032764219705,-5.131964809384158,3.614907353,7.5,9.237536656891479,2.365138424,0.0,4.0,8.7,-1.0,-1.8572825024437871,-4.174812642554588,0.0,0
16.60168435951341,18.03519061583577,3.599147089,-7.5,-17.741935483870975,4.322666049,0.0,4.0,8.7,-1.0,1.6536331052460085,-0.6801889866405944,0.0,0
16.60168435951341,18.62170087976537,4.032271514,2.5,3.0791788856304834,1.756625722,0.0,4.0,8.7,-1.0,2.240143369175609,2.2523623330074836,0.0,0
16.60168435951341,15.982404692082099,2.566243856,-2.5,-6.8914956011730055,3.383363099,0.0,4.0,8.7,-1.0,-0.3991528185076625,-1.1159986966438469,0.0,0
16.60168435951341,18.62170087976537,2.163546904,7.5,20.087976539589448,3.715826266,0.0,4.0,8.7,-1.0,2.240143369175609,6.675627240143381,0.0,0
5.71249054154572,3.3724340175953103,2.550329859,2.5,9.824046920821104,2.597883237,0.0,4.0,8.7,-1.0,-1.527370478983375,8.997230368198103,0.0,0
-16.06589709438966,-19.794721407624653,2.883362885,-7.5,-11.876832844574807,2.069698721,0.0,4.0,8.7,-1.0,-4.476213750407302,5.184913652655574,0.0,0
-5.1767032764219705,-0.7331378299120104,3.471742801,-2.5,-2.1994134897360595,3.99127169,0.0,4.0,8.7,-1.0,2.5415444770283604,3.576083414793099,0.0,0
-5.1767032764219705,-0.7331378299120104,2.808690819,2.5,7.184750733137833,2.22366384,0.0,4.0,8.7,-1.0,2.5415444770283604,6.3579341805148335,0.0,0
5.71249054154572,8.357771260997055,2.348830662,-7.5,-13.636363636363654,3.065064672,0.0,4.0,8.7,-1.0,3.4579667644183694,3.4253828608667263,0.0,0
-5.1767032764219705,0.7331378299120104,2.149208292,-2.5,-4.838709677419359,1.797920312,0.0,4.0,8.7,-1.0,4.007820136852381,0.9367872271097992,0.0,0
5.71249054154572,5.425219941348956,2.631827643,7.5,21.847507331378324,2.630424484,0.0,4.0,8.7,-1.0,0.525415444770271,8.435158031932257,0.0,0
-16.06589709438966,-14.516129032258078,1.688455916,-7.5,-15.982404692082127,2.434125314,0.0,4.0,8.7,-1.0,0.8023786249592728,1.0793418051482533,0.0,0
5.71249054154572,5.425219941348956,1.673155167,7.5,14.22287390029325,1.90239146,0.0,4.0,8.7,-1.0,0.525415444770271,0.8105246008471827,0.0,0
-16.06589709438966,-14.22287390029328,2.558847616,-2.5,-5.718475073313784,1.80719718,0.0,4.0,8.7,-1.0,1.0956337569240713,0.05702183121537452,0.0,0
5.71249054154572,6.304985337243409,2.133639624,2.5,15.102639296187673,2.166089455,0.0,4.0,8.7,-1.0,1.4051808406647233,14.275822743564673,0.0,1
16.60168435951341,15.689149560117302,1.850272867,2.5,-0.7331378299120104,1.149093807,0.0,4.0,8.7,-1.0,-0.6924079504724592,-1.5599543825350102,0.0,0
-16.06589709438966,-16.568914956011753,0.983054249,-2.5,-9.237536656891479,2.597147417,0.0,4.0,8.7,-1.0,-1.2504072987944017,-3.46203975236232,0.0,0
-16.06589709438966,-12.756598240469229,1.373203502,7.5,22.140762463343123,1.92035509,0.0,4.0,8.7,-1.0,2.5619094167481222,8.728413163897056,0.0,0
-16.06589709438966,-16.86217008797655,1.681673079,-7.5,-15.395894428152504,2.289109692,0.0,4.0,8.7,-1.0,-1.5436624307592002,1.6658520690778769,0.0,0
-5.1767032764219705,-4.838709677419359,3.200653976,2.5,5.425219941348956,1.592245908,0.0,4.0,8.7,-1.0,-1.5640273704789887,4.5984033887259566,0.0,0
16.60168435951341,14.809384164222848,1.51547527,-7.5,-16.86217008797655,3.811376303,0.0,4.0,8.7,-1.0,-1.5721733463669132,0.19957640925382947,0.0,0
-5.1767032764219705,-4.838709677419359,2.764356827,-2.5,-9.530791788856334,2.798441718,0.0,4.0,8.7,-1.0,-1.5640273704789887,-3.755294884327175,0.0,0
16.60168435951341,16.275659824046897,1.774202524,7.5,19.794721407624653,3.282085362,0.0,4.0,8.7,-1.0,-0.10589768654286402,6.382372108178586,0.0,0
5.71249054154572,3.0791788856304834,1.675242275,7.5,13.343108504398826,1.731283997,0.0,4.0,8.7,-1.0,-1.820625610948202,-0.06924079504724112,0.0,0
-5.1767032764219705,-0.4398826979472119,3.166466355,2.5,6.011730205278582,1.970485487,0.0,4.0,8.7,-1.0,2.834799608993159,5.184913652655582,0.0,0
16.60168435951341,14.22287390029325,1.835584769,-7.5,-18.035190615835802,1.765186895,0.0,4.0,8.7,-1.0,-2.158683610296512,-0.9734441186054212,0.0,0
-16.06589709438966,-16.275659824046926,1.231183641,-2.5,-9.237536656891479,1.516104529,0.0,4.0,8.7,-1.0,-0.9571521668295748,-3.46203975236232,0.0,0
-16.06589709438966,-11.58357771260998,2.499565566,7.5,11.583577712609952,1.714897794,0.0,4.0,8.7,-1.0,3.734929944607371,-1.8287715868361154,0.0,0
16.60168435951341,15.102639296187673,2.865256927,2.5,-0.14662756598241344,2.682402241,0.0,4.0,8.7,-1.0,-1.278918214402088,-0.9734441186054134,0.0,0
-16.06589709438966,-10.11730205278596,1.904221409,-7.5,-16.568914956011753,2.797919365,0.0,4.0,8.7,-1.0,5.201205604431392,0.49283154121862793,0.0,0
5.71249054154572,9.530791788856305,1.36755082,-2.5,-6.8914956011730055,2.173756131,0.0,4.0,8.7,-1.0,4.63098729227762,-1.1159986966438469,0.0,0
-5.1767032764219705,-3.0791788856304834,2.03223157,2.5,2.4926686217008864,2.28181588,0.0,4.0,8.7,-1.0,0.1955034213098874,1.6658520690778866,0.0,0
-5.1767032764219705,-1.3196480938416357,1.015343458,-7.5,-17.155425219941378,4.499132065,0.0,4.0,8.7,-1.0,1.955034213098735,-0.09367872271099742,0.0,0
-16.06589709438966,-17.448680351906177,1.663669103,7.5,8.357771260997055,2.165751479,0.0,4.0,8.7,-1.0,-2.1301726946888255,-5.054578038449012,0.0,0
5.71249054154572,8.064516129032256,1.916164707,-2.5,-6.598240469208207,1.73344974,0.0,4.0,8.7,-1.0,3.164711632453571,-0.8227435646790484,0.0,0
-16.06589709438966,-15.68914956011733,1.915920659,-2.5,-4.838709677419359,2.613628454,0.0,4.0,8.7,-1.0,-0.37064190289997967,0.9367872271097992,0.0,0
16.60168435951341,13.929618768328424,2.44934988,7.5,19.50146627565985,3.432132598,0.0,4.0,8.7,-1.0,-2.451938742261337,6.089116976213784,0.0,0
5.71249054154572,5.718475073313784,1.731647455,2.5,4.252199413489734,3.83668275,0.0,4.0,8.7,-1.0,0.8186705767350988,3.4253828608667343,0.0,0
5.71249054154572,6.8914956011730055,1.815825293,-7.5,-19.208211143695024,2.082728905,0.0,4.0,8.7,-1.0,1.9916911045943202,-2.1464646464646435,0.0,0
5.71249054154572,8.357771260997055,1.903405929,-7.5,-18.3284457478006,2.430829203,1.0,4.0,8.7,-1.0,2.003910068426194,-0.8308895405669574,0.0,0
16.60168435951341,21.554252199413497,1.682261809,2.5,8.064516129032256,1.669860531,1.0,4.0,8.7,-1.0,4.056695992179872,3.201368523949175,0.0,0
5.71249054154572,3.0791788856304834,1.749195482,7.5,22.140762463343123,2.748669536,1.0,4.0,8.7,-1.0,-3.2746823069403774,8.162267839687216,0.0,0
16.60168435951341,20.38123167155428,3.587190547,-2.5,-6.304985337243409,2.783390932,1.0,4.0,8.7,-1.0,2.8836754643206532,0.1466275659823948,0.0,0
5.71249054154572,3.665689149560109,2.882334103,-2.5,-7.478005865102631,1.981234738,1.0,4.0,8.7,-1.0,-2.6881720430107516,-1.0263929618768275,0.0,0
-5.1767032764219705,-1.6129032258064628,2.683845803,2.5,15.102639296187673,2.458360136,1.0,4.0,8.7,-1.0,1.1730205278592243,10.239491691104593,0.0,0
5.71249054154572,8.651026392961882,2.681762999,-7.5,-18.914956011730226,2.814698835,1.0,4.0,8.7,-1.0,2.297165200391021,-1.4173998044965828,0.0,0
16.60168435951341,13.343108504398826,1.934632639,7.5,14.809384164222848,1.764471334,1.0,4.0,8.7,-1.0,-4.1544477028347995,0.8308895405669414,0.0,0
-16.06589709438966,-12.463343108504432,2.985772727,-7.5,-16.86217008797655,4.434931364,1.0,4.0,8.7,-1.0,1.0752688172042841,0.6353861192570918,0.0,0
-5.1767032764219705,-5.718475073313784,1.823151246,-2.5,-6.598240469208207,1.681900771,1.0,4.0,8.7,-1.0,-2.932551319648097,-0.14662756598240367,0.0,0
16.60168435951341,15.395894428152475,1.441332122,7.5,15.102639296187673,1.892391564,1.0,4.0,8.7,-1.0,-2.10166177908115,1.1241446725317665,0.0,0
5.71249054154572,3.665689149560109,3.310519892,2.5,11.290322580645153,1.891597009,1.0,4.0,8.7,-1.0,-2.6881720430107516,6.427174975562072,0.0,0
16.60168435951341,14.51612903225805,1.51704512,-2.5,-7.771260997067429,2.181975778,1.0,4.0,8.7,-1.0,-2.9814271749755754,-1.319648093841626,0.0,0
-5.1767032764219705,-3.0791788856304834,1.079737193,2.5,10.41055718475073,2.981376532,1.0,4.0,8.7,-1.0,-0.29325513196479625,5.547409579667648,0.0,0
-5.1767032764219705,-2.4926686217008864,1.532757251,7.5,13.343108504398826,3.36424777,1.0,4.0,8.7,-1.0,0.2932551319648007,-0.6353861192570811,0.0,0
16.60168435951341,15.982404692082099,2.156412648,-7.5,-14.22287390029328,1.99905994,1.0,4.0,8.7,-1.0,-1.5151515151515262,3.274682306940363,0.0,0
-16.06589709438966,-14.22287390029328,1.299894178,7.5,18.62170087976537,2.065497103,1.0,4.0,8.7,-1.0,-0.6842619745845635,4.643206256109464,0.0,0
-5.1767032764219705,-3.0791788856304834,2.609962396,-7.5,-15.982404692082127,2.596581271,1.0,4.0,8.7,-1.0,-0.29325513196479625,1.5151515151515156,0.0,0
-5.1767032764219705,-2.4926686217008864,1.519037969,-2.5,-6.8914956011730055,1.913554221,1.0,4.0,8.7,-1.0,0.2932551319648007,-0.43988269794720214,0.0,0
16.60168435951341,16.275659824046897,1.781183899,2.5,9.237536656891479,1.546484654,1.0,4.0,8.7,-1.0,-1.2218963831867278,4.374389051808397,0.0,0
16.60168435951341,17.448680351906148,1.748946656,-2.5,-4.252199413489734,2.300032323,1.0,4.0,8.7,-1.0,-0.04887585532747707,2.1994134897360693,0.0,0
-5.1767032764219705,-4.252199413489734,1.886885523,2.5,-3.665689149560109,2.616044895,1.0,4.0,8.7,-1.0,-1.466275659824047,-8.52883675464319,0.0,0
-5.1767032764219705,-1.906158357771261,3.415365389,7.5,18.03519061583577,2.048970045,1.0,4.0,8.7,-1.0,0.879765395894426,4.056695992179863,0.0,0
16.60168435951341,16.862170087976526,1.982258281,-7.5,-15.68914956011733,3.293351159,1.0,4.0,8.7,-1.0,-0.6353861192570989,1.8084066471163123,0.0,0
-16.06589709438966,-13.636363636363654,2.63209919,7.5,13.636363636363626,2.215229655,1.0,4.0,8.7,-1.0,-0.09775171065493815,-0.34213098729228086,0.0,0
5.71249054154572,10.117302052785902,1.399452451,-2.5,-8.064516129032256,2.142849592,1.0,4.0,8.7,-1.0,3.7634408602150415,-1.6129032258064528,0.0,0
-5.1767032764219705,-1.906158357771261,2.949567123,2.5,7.478005865102631,1.714877408,1.0,4.0,8.7,-1.0,0.879765395894426,2.61485826001955,0.0,0
16.60168435951341,19.794721407624653,1.598722806,-7.5,-19.208211143695024,2.232064002,1.0,4.0,8.7,-1.0,2.297165200391028,-1.7106549364613812,0.0,0
5.71249054154572,11.876832844574778,2.070907339,2.5,3.665689149560109,2.132416338,1.0,4.0,8.7,-1.0,5.522971652003918,-1.197458455522972,0.0,0
5.71249054154572,4.5454545454545325,2.599735093,-7.5,-15.982404692082127,1.818374937,1.0,4.0,8.7,-1.0,-1.8084066471163283,1.5151515151515156,0.0,0
16.60168435951341,19.208211143695024,3.776250602,7.5,7.478005865102631,2.9974125,1.0,4.0,8.7,-1.0,1.710654936461399,-6.500488758553276,0.0,0
-16.06589709438966,-10.703812316715556,1.777083203,-2.5,-7.184750733137833,2.28832047,1.0,4.0,8.7,-1.0,2.83479960899316,-0.7331378299120299,0.0,0
-16.06589709438966,-14.516129032258078,1.38327477,2.5,-11.290322580645181,3.0389828,1.0,4.0,8.7,-1.0,-0.977517106549362,-16.153470185728263,0.0,1
-16.06589709438966,-13.929618768328451,2.132490349,7.5,14.22287390029325,2.288878901,1.0,4.0,8.7,-1.0,-0.39100684261973484,0.2443792766373427,0.0,0
-5.1767032764219705,-0.7331378299120104,0.832394787,-2.5,-7.184750733137833,1.482279079,1.0,4.0,8.7,-1.0,2.0527859237536767,-0.7331378299120299,0.0,0
5.71249054154572,7.184750733137833,2.273659455,-7.5,-20.967741935483875,2.047444357,1.0,4.0,8.7,-1.0,0.8308895405669725,-3.4701857282502324,0.0,0
5.71249054154572,1.3196480938416357,2.016443865,-2.5,-6.304985337243409,1.833607074,1.0,4.0,8.7,-1.0,-5.034213098729225,0.1466275659823948,0.0,0
-16.06589709438966,-13.929618768328451,2.99903361,7.5,10.997067448680355,1.716068575,1.0,4.0,8.7,-1.0,-0.39100684261973484,-2.9814271749755523,0.0,0
-5.1767032764219705,-6.011730205278582,4.52485178,-7.5,-19.50146627565985,1.615663358,1.0,4.0,8.7,-1.0,-3.2258064516128946,-2.003910068426208,0.0,0
-16.06589709438966,-15.982404692082127,1.525062513,2.5,4.5454545454545325,2.585786002,1.0,4.0,8.7,-1.0,-2.443792766373411,-0.31769305962854855,0.0,0
5.71249054154572,5.425219941348956,3.851437315,-2.5,-4.5454545454545325,2.074551887,1.0,4.0,8.7,-1.0,-0.9286412512219044,1.9061583577712709,0.0,0
-16.06589709438966,-14.22287390029328,2.01548638,7.5,15.689149560117302,1.976460703,1.0,4.0,8.7,-1.0,-0.6842619745845635,1.7106549364613954,0.0,0
16.60168435951341,19.208211143695024,2.699905272,-7.5,-16.275659824046926,2.167221827,1.0,4.0,8.7,-1.0,1.710654936461399,1.2218963831867171,0.0,0
-16.06589709438966,-15.68914956011733,2.950790418,2.5,6.8914956011730055,2.53168226,1.0,4.0,8.7,-1.0,-2.1505376344086145,2.0283479960899244,0.0,0
5.71249054154572,8.357771260997055,2.276640272,-2.5,-4.838709677419359,2.515016988,1.0,4.0,8.7,-1.0,2.003910068426194,1.612903225806444,0.0,0
-16.06589709438966,-8.944281524926682,1.595487722,-7.5,-18.035190615835802,4.515127322,1.0,4.0,8.7,-1.0,4.5943304007820345,-0.5376344086021589,0.0,0
-5.1767032764219705,-0.14662756598241344,2.050508292,2.5,-3.3724340175953103,3.957197317,1.0,4.0,8.7,-1.0,2.6392961876832737,-8.235581622678392,0.0,0
-16.06589709438966,-14.22287390029328,2.032736473,7.5,3.665689149560109,1.632298829,1.0,4.0,8.7,-1.0,-0.6842619745845635,-10.312805474095798,0.0,0
-16.06589709438966,-16.275659824046926,1.97311448,2.5,-0.7331378299120104,1.989961199,0.0,5.0,1.1,-1.0,-0.9571521668295748,-1.5599543825350102,0.0,0
5.71249054154572,4.252199413489734,3.075544162,-2.5,-6.598240469208207,2.013349306,0.0,5.0,1.1,-1.0,-0.6476050830889513,-0.8227435646790484,0.0,0
16.60168435951341,15.982404692082099,1.711061382,7.5,12.756598240469202,1.992545699,0.0,5.0,1.1,-1.0,-0.3991528185076625,-0.6557510589768647,0.0,0
-5.1767032764219705,-2.7859237536656845,1.619767877,-7.5,-18.3284457478006,1.848049126,0.0,5.0,1.1,-1.0,0.4887585532746863,-1.2666992505702197,0.0,0
5.71249054154572,3.665689149560109,2.747590047,2.5,-3.0791788856304834,1.545999137,0.0,5.0,1.1,-1.0,-1.2341153470185762,-3.905995438253483,0.0,0
-5.1767032764219705,-3.3724340175953103,1.94912276,-2.5,-4.252199413489734,1.688861092,0.0,5.0,1.1,-1.0,-0.09775171065493948,1.5232974910394246,0.0,0
16.60168435951341,18.03519061583577,3.151407508,7.5,11.290322580645153,1.943669062,0.0,5.0,1.1,-1.0,1.6536331052460085,-2.122026718800914,0.0,0
-5.1767032764219705,-4.252199413489734,3.931502936,-7.5,-12.170087976539605,2.348498194,0.0,5.0,1.1,-1.0,-0.9775171065493633,4.8916585206907754,0.0,0
-5.1767032764219705,-3.0791788856304834,2.09777918,7.5,10.41055718475073,1.447983591,0.0,5.0,1.1,-1.0,0.1955034213098874,-3.0017921146953377,0.0,0
16.60168435951341,17.448680351906148,1.39325118,-7.5,-19.208211143695024,1.648216381,0.0,5.0,1.1,-1.0,1.0671228413163867,-2.1464646464646435,0.0,0
16.60168435951341,15.395894428152475,1.548217535,2.5,0.4398826979472119,2.698466954,0.0,5.0,1.1,-1.0,-0.9856630824372861,-0.386933854675788,0.0,0
16.60168435951341,16.275659824046897,1.148607774,-2.5,-8.064516129032256,2.460943615,0.0,5.0,1.1,-1.0,-0.10589768654286402,-2.2890192245030976,0.0,0
16.60168435951341,16.568914956011724,2.455812884,7.5,10.117302052785902,1.907327056,0.0,5.0,1.1,-1.0,0.18735744542196286,-3.2950472466601646,0.0,0
5.71249054154572,2.7859237536656845,1.758591995,2.5,6.011730205278582,1.614705206,0.0,5.0,1.1,-1.0,-2.113880742913001,5.184913652655582,0.0,0
-16.06589709438966,-17.155425219941378,2.859730886,-7.5,-16.275659824046926,2.552131173,0.0,5.0,1.1,-1.0,-1.836917562724027,0.7860866731834548,0.0,0
-5.1767032764219705,-3.3724340175953103,1.296576146,-2.5,-6.8914956011730055,1.999860898,0.0,5.0,1.1,-1.0,-0.09775171065493948,-1.1159986966438469,0.0,0
-5.1767032764219705,-3.9589442815249356,1.91491629,2.5,3.0791788856304834,2.932456622,0.0,5.0,1.1,-1.0,-0.6842619745845648,2.2523623330074836,0.0,0
5.71249054154572,4.5454545454545325,1.765233906,-7.5,-13.049853372434029,1.914505705,0.0,5.0,1.1,-1.0,-0.3543499511241528,4.011893124796352,0.0,0
-5.1767032764219705,-3.3724340175953103,1.765302055,-2.5,-6.8914956011730055,1.97620161,0.0,5.0,1.1,-1.0,-0.09775171065493948,-1.1159986966438469,0.0,0
5.71249054154572,6.011730205278582,1.242643816,7.5,13.049853372434002,1.97363751,0.0,5.0,1.1,-1.0,1.1119257086998964,-0.36249592701206446,0.0,0
-16.06589709438966,-14.22287390029328,1.698499889,-7.5,-16.275659824046926,2.574317175,0.0,5.0,1.1,-1.0,1.0956337569240713,0.7860866731834548,0.0,0
5.71249054154572,4.5454545454545325,1.848019091,7.5,8.651026392961882,2.443709028,0.0,5.0,1.1,-1.0,-0.3543499511241528,-4.761322906484185,0.0,0
-16.06589709438966,-17.741935483870975,2.148472651,-2.5,-8.064516129032256,1.633147558,0.0,5.0,1.1,-1.0,-2.423427826653624,-2.2890192245030976,0.0,0
5.71249054154572,3.665689149560109,3.032138655,2.5,5.131964809384158,3.363757357,0.0,5.0,1.1,-1.0,-1.2341153470185762,4.305148256761158,0.0,0
16.60168435951341,17.15542521994132,1.5165184,2.5,7.771260997067429,1.919911877,0.0,5.0,1.1,-1.0,0.7738677093515598,6.9444444444444295,0.0,0
-16.06589709438966,-17.448680351906177,1.692700731,-2.5,-8.651026392961882,1.448609829,0.0,5.0,1.1,-1.0,-2.1301726946888255,-2.875529488432723,0.0,0
-16.06589709438966,-15.395894428152504,1.626588099,7.5,13.636363636363626,2.080737932,0.0,5.0,1.1,-1.0,-0.07738677093515278,0.22401433691755912,0.0,0
-16.06589709438966,-16.86217008797655,1.779892726,-7.5,-15.68914956011733,3.315322028,0.0,5.0,1.1,-1.0,-1.5436624307592002,1.37259693711305,0.0,0
-5.1767032764219705,-3.3724340175953103,2.248717892,2.5,0.7331378299120104,1.379922573,0.0,5.0,1.1,-1.0,-0.09775171065493948,-0.09367872271098954,0.0,0
16.60168435951341,15.102639296187673,2.131187938,-7.5,-13.929618768328451,3.48088703,0.0,5.0,1.1,-1.0,-1.278918214402088,3.1321277289019296,0.0,0
-5.1767032764219705,-3.665689149560109,2.131597359,-2.5,-6.304985337243409,2.531564075,0.0,5.0,1.1,-1.0,-0.3910068426197384,-0.52948843271425,0.0,0
16.60168435951341,15.395894428152475,1.466117686,7.5,14.809384164222848,1.631894595,0.0,5.0,1.1,-1.0,-0.9856630824372861,1.3970348647767814,0.0,0
5.71249054154572,2.1994134897360595,2.064359883,7.5,11.876832844574778,2.165188,0.0,5.0,1.1,-1.0,-2.700391006842626,-1.5355164548712885,0.0,0
-5.1767032764219705,-3.9589442815249356,1.166076047,2.5,-0.7331378299120104,1.690618318,0.0,5.0,1.1,-1.0,-0.6842619745845648,-1.5599543825350102,0.0,0
16.60168435951341,17.448680351906148,1.998940295,-7.5,-18.914956011730226,3.422989839,0.0,5.0,1.1,-1.0,1.0671228413163867,-1.853209514499845,0.0,0
-16.06589709438966,-13.929618768328451,1.48283068,-2.5,-6.598240469208207,1.782390178,0.0,5.0,1.1,-1.0,1.3888888888889,-0.8227435646790484,0.0,0
-16.06589709438966,-15.68914956011733,2.215133297,7.5,7.771260997067429,2.531509462,0.0,5.0,1.1,-1.0,-0.37064190289997967,-5.641088302378638,0.0,0
16.60168435951341,16.568914956011724,2.221466029,2.5,5.131964809384158,1.45540589,0.0,5.0,1.1,-1.0,0.18735744542196286,4.305148256761158,0.0,0
-16.06589709438966,-15.102639296187702,3.006404976,-7.5,-18.914956011730226,3.282709583,0.0,5.0,1.1,-1.0,0.21586836102964924,-1.853209514499845,0.0,0
5.71249054154572,4.252199413489734,2.659730283,-2.5,-6.304985337243409,1.830935395,0.0,5.0,1.1,-1.0,-0.6476050830889513,-0.52948843271425,0.0,0
-5.1767032764219705,-2.7859237536656845,2.24764543,2.5,3.3724340175953103,1.78195303,0.0,5.0,1.1,-1.0,0.4887585532746863,2.5456174649723105,0.0,0
-5.1767032764219705,-2.7859237536656845,1.714460688,-7.5,-21.260997067448702,1.981793527,0.0,5.0,1.1,-1.0,0.4887585532746863,-4.199250570218322,0.0,0
-16.06589709438966,-16.275659824046926,1.532281123,7.5,9.237536656891479,2.454529435,0.0,5.0,1.1,-1.0,-0.9571521668295748,-4.174812642554588,0.0,0
5.71249054154572,3.665689149560109,1.625832408,-2.5,-8.357771260997055,2.842084769,0.0,5.0,1.1,-1.0,-1.2341153470185762,-2.582274356467896,0.0,0
-16.06589709438966,-17.155425219941378,2.859687675,-2.5,-4.252199413489734,2.682168256,0.0,5.0,1.1,-1.0,-1.836917562724027,1.5232974910394246,0.0,0
16.60168435951341,14.809384164222848,1.701592074,7.5,12.170087976539577,1.694692092,0.0,5.0,1.1,-1.0,-1.5721733463669132,-1.24226132290649,0.0,0
5.71249054154572,3.9589442815249356,2.181618436,2.5,4.252199413489734,4.131438749,0.0,5.0,1.1,-1.0,-0.9408602150537497,3.4253828608667343,0.0,0
5.71249054154572,4.5454545454545325,2.765388868,-7.5,-18.035190615835802,2.015334807,0.0,5.0,1.1,-1.0,-0.3543499511241528,-0.9734441186054212,0.0,0
16.60168435951341,18.914956011730226,2.660058098,7.5,14.51612903225805,2.164650876,1.0,5.0,1.1,-1.0,1.9061583577712895,5.0097751710654865,0.0,0
16.60168435951341,16.568914956011724,3.096046361,2.5,-3.9589442815249356,1.965228251,1.0,5.0,1.1,-1.0,-0.4398826979472119,-3.1036168132942423,0.0,0
16.60168435951341,16.275659824046897,3.082971618,-2.5,-5.425219941348956,3.447556068,1.0,5.0,1.1,-1.0,-0.7331378299120388,1.8817204301075448,0.0,0
16.60168435951341,18.914956011730226,5.565614762,-7.5,-13.636363636363654,2.465868399,1.0,5.0,1.1,-1.0,1.9061583577712895,2.4682306940371426,0.0,0
5.71249054154572,7.478005865102631,2.772673852,7.5,17.15542521994132,4.422860571,1.0,5.0,1.1,-1.0,3.103616813294228,7.649071358748758,0.0,0
-5.1767032764219705,-2.4926686217008864,3.282036901,-7.5,-17.155425219941378,2.668514962,1.0,5.0,1.1,-1.0,0.146627565982397,-1.0508308895405811,0.0,0
5.71249054154572,4.838709677419359,3.894063129,-2.5,-7.478005865102631,2.064988777,1.0,5.0,1.1,-1.0,0.46432062561095666,-0.17106549364612977,0.0,0
-16.06589709438966,-17.155425219941378,3.01392395,2.5,2.1994134897360595,3.56345993,1.0,5.0,1.1,-1.0,-2.5904203323558246,3.054740957966753,0.0,0
-16.06589709438966,-15.102639296187702,1.631541933,7.5,8.357771260997055,2.141530546,1.0,5.0,1.1,-1.0,-0.5376344086021483,-1.1485826001955086,0.0,0
-5.1767032764219705,-2.4926686217008864,2.436755422,-7.5,-20.674486803519073,2.346597475,1.0,5.0,1.1,-1.0,0.146627565982397,-4.569892473118276,0.0,0
16.60168435951341,18.03519061583577,3.199700956,-2.5,-4.252199413489734,4.040494053,1.0,5.0,1.1,-1.0,1.0263929618768337,3.054740957966767,0.0,0
5.71249054154572,3.9589442815249356,10.011077669,2.5,1.6129032258064628,2.598037125,1.0,5.0,1.1,-1.0,-0.41544477028346716,2.468230694037156,0.0,0
-5.1767032764219705,-2.4926686217008864,1.21314311,2.5,0.4398826979472119,1.14395773,1.0,5.0,1.1,-1.0,0.146627565982397,1.2952101661779052,0.0,0
-5.1767032764219705,-2.1994134897360595,2.329483182,7.5,7.184750733137833,1.697792475,1.0,5.0,1.1,-1.0,0.4398826979472239,-2.32160312805473,0.0,0
-16.06589709438966,-16.568914956011753,2.165098366,-7.5,-18.3284457478006,1.548653967,1.0,5.0,1.1,-1.0,-2.0039100684261992,-2.2238514173998034,0.0,0
-16.06589709438966,-15.395894428152504,1.749270902,-2.5,-4.838709677419359,2.698188493,1.0,5.0,1.1,-1.0,-0.8308895405669503,2.4682306940371417,0.0,0
-5.1767032764219705,-2.7859237536656845,2.148520458,7.5,9.237536656891479,2.381446202,1.0,5.0,1.1,-1.0,-0.146627565982401,-0.2688172043010848,0.0,0
5.71249054154572,4.252199413489734,1.632881182,-2.5,-6.598240469208207,1.364539938,1.0,5.0,1.1,-1.0,-0.12218963831866869,0.708699902248294,0.0,0
-5.1767032764219705,-3.3724340175953103,3.283182636,-7.5,-14.22287390029328,2.480972622,1.0,5.0,1.1,-1.0,-0.7331378299120268,1.8817204301075172,0.0,0
5.71249054154572,4.838709677419359,7.695596071,2.5,-1.3196480938416357,2.081169161,1.0,5.0,1.1,-1.0,0.46432062561095666,-0.46432062561094256,0.0,0
-5.1767032764219705,-2.4926686217008864,1.596758021,-7.5,-12.756598240469229,1.464765777,1.0,5.0,1.1,-1.0,0.146627565982397,3.347996089931568,0.0,0
16.60168435951341,15.395894428152475,3.299441654,-2.5,-8.651026392961882,1.67685988,1.0,5.0,1.1,-1.0,-1.6129032258064608,-1.3440860215053805,0.0,0
-16.06589709438966,-13.049853372434029,1.74862439,7.5,3.665689149560109,1.597677131,1.0,5.0,1.1,-1.0,1.5151515151515245,-5.840664711632455,0.0,0
5.71249054154572,3.665689149560109,2.211574161,2.5,-0.14662756598241344,4.882552247,1.0,5.0,1.1,-1.0,-0.7086999022482936,0.7086999022482797,0.0,0
16.60168435951341,17.741935483870947,4.087315095,-7.5,-13.049853372434029,1.765627387,1.0,5.0,1.1,-1.0,0.7331378299120104,3.054740957966768,0.0,0
-16.06589709438966,-15.395894428152504,1.615440198,2.5,-8.944281524926682,1.464061637,1.0,5.0,1.1,-1.0,-0.8308895405669503,-8.08895405669599,0.0,0
5.71249054154572,4.5454545454545325,4.29901417,-2.5,-8.064516129032256,2.315741211,1.0,5.0,1.1,-1.0,0.17106549364612977,-0.7575757575757551,0.0,0
-16.06589709438966,-14.809384164222905,1.459267991,7.5,5.131964809384158,1.898147085,1.0,5.0,1.1,-1.0,-0.2443792766373516,-4.374389051808405,0.0,0
-5.1767032764219705,-2.1994134897360595,1.381335382,-7.5,-15.395894428152504,3.531906156,1.0,5.0,1.1,-1.0,0.4398826979472239,0.7086999022482932,0.0,0
5.71249054154572,3.665689149560109,2.849214328,2.5,-0.4398826979472119,1.825287452,1.0,5.0,1.1,-1.0,-0.7086999022482936,0.41544477028348126,0.0,0
16.60168435951341,15.102639296187673,1.220499088,-2.5,-5.718475073313784,2.526077415,1.0,5.0,1.1,-1.0,-1.9061583577712629,1.588465298142717,0.0,0
-16.06589709438966,-14.22287390029328,2.19931119,7.5,11.290322580645153,1.998049021,1.0,5.0,1.1,-1.0,0.34213098729227376,1.7839687194525897,0.0,0
-5.1767032764219705,-3.0791788856304834,4.199450513,7.5,8.944281524926682,2.297875333,1.0,5.0,1.1,-1.0,-0.4398826979471999,-0.5620723362658815,0.0,0
16.60168435951341,18.914956011730226,2.749072127,-7.5,-17.741935483870975,2.365029497,1.0,5.0,1.1,-1.0,1.9061583577712895,-1.637341153470178,0.0,0
16.60168435951341,17.15542521994132,2.444443115,-2.5,-8.944281524926682,1.531462462,1.0,5.0,1.1,-1.0,0.14662756598238502,-1.6373411534701807,0.0,0
-5.1767032764219705,-1.906158357771261,1.682829583,2.5,-0.4398826979472119,1.382225606,1.0,5.0,1.1,-1.0,0.7331378299120224,0.41544477028348126,0.0,0
16.60168435951341,14.809384164222848,3.800070014,-2.5,-10.997067448680383,2.235797081,1.0,5.0,1.1,-1.0,-2.199413489736088,-3.690127077223882,0.0,0
5.71249054154572,4.838709677419359,3.448588347,-7.5,-13.049853372434029,2.281577435,1.0,5.0,1.1,-1.0,0.46432062561095666,3.054740957966768,0.0,0
5.71249054154572,3.665689149560109,2.261580438,7.5,14.22287390029325,1.692665285,1.0,5.0,1.1,-1.0,-0.7086999022482936,4.716520039100686,0.0,0
-16.06589709438966,-13.343108504398856,1.763679033,2.5,1.906158357771261,2.231980903,1.0,5.0,1.1,-1.0,1.2218963831866976,2.7614858260019544,0.0,0
-16.06589709438966,-9.824046920821132,2.868669967,7.5,8.651026392961882,1.99930246,1.0,5.0,1.1,-1.0,4.740957966764421,-0.8553274682306817,1.0,0
-16.06589709438966,-15.102639296187702,1.764579705,-7.5,-20.674486803519073,1.599209577,1.0,5.0,1.1,-1.0,-0.5376344086021483,-4.569892473118276,0.0,0
-16.06589709438966,-14.809384164222905,1.290868806,-2.5,-9.824046920821132,3.579595933,1.0,5.0,1.1,-1.0,-0.2443792766373516,-2.517106549364631,0.0,0
-5.1767032764219705,-4.838709677419359,3.082044745,2.5,0.14662756598241344,2.227825615,1.0,5.0,1.1,-1.0,-2.199413489736076,1.0019550342131067,0.0,0
16.60168435951341,16.275659824046897,2.59821328,-7.5,-16.568914956011753,2.530480517,1.0,5.0,1.1,-1.0,-0.7331378299120388,-0.4643206256109558,0.0,0
5.71249054154572,3.0791788856304834,1.682737571,7.5,5.718475073313784,1.691439295,1.0,5.0,1.1,-1.0,-1.2952101661779194,-3.787878787878779,0.0,0
-5.1767032764219705,-1.3196480938416357,1.465467221,-2.5,-6.8914956011730055,1.931979643,1.0,5.0,1.1,-1.0,1.3196480938416477,0.4154447702834956,0.0,0
5.71249054154572,3.665689149560109,2.248706864,2.5,-1.3196480938416357,0.782826102,1.0,5.0,1.1,-1.0,-0.7086999022482936,-0.46432062561094256,0.0,0
-16.06589709438966,-15.102639296187702,3.264510929,2.5,-0.14662756598241344,1.663337791,0.0,6.0,5.4,1.0,0.21586836102964924,-0.9734441186054134,0.0,0
5.71249054154572,3.665689149560109,3.424769712,-2.5,-4.252199413489734,7.049146921,0.0,6.0,5.4,1.0,-1.2341153470185762,1.5232974910394246,0.0,0
16.60168435951341,13.636363636363626,3.908888914,7.5,19.794721407624653,3.302636194,0.0,6.0,5.4,1.0,-2.7451938742261355,6.382372108178586,0.0,0
-5.1767032764219705,-6.304985337243409,2.048908977,-7.5,-20.087976539589448,4.582374948,0.0,6.0,5.4,1.0,-3.030303030303038,-3.0262300423590673,0.0,0
5.71249054154572,3.665689149560109,3.666178199,2.5,0.14662756598241344,9.239572744,0.0,6.0,5.4,1.0,-1.2341153470185762,-0.6801889866405865,0.0,0
-5.1767032764219705,-1.906158357771261,2.182179554,-2.5,-1.0263929618768373,3.287777263,0.0,6.0,5.4,1.0,1.3685239491691097,4.749103942652321,0.0,0
16.60168435951341,17.15542521994132,2.083119505,7.5,18.914956011730226,3.282731373,0.0,6.0,5.4,1.0,0.7738677093515598,5.502606712284159,0.0,0
-5.1767032764219705,-1.6129032258064628,3.466578531,-7.5,-18.914956011730226,3.14844673,0.0,6.0,5.4,1.0,1.661779081133908,-1.853209514499845,0.0,0
-5.1767032764219705,-2.7859237536656845,2.137912088,7.5,15.982404692082099,6.56461413,0.0,6.0,5.4,1.0,0.4887585532746863,2.570055392636032,0.0,0
16.60168435951341,15.395894428152475,6.032819554,-7.5,-17.155425219941378,4.636077849,0.0,6.0,5.4,1.0,-0.9856630824372861,-0.09367872271099742,0.0,0
16.60168435951341,15.395894428152475,2.564924432,2.5,1.3196480938416357,6.914128473,0.0,6.0,5.4,1.0,-0.9856630824372861,0.4928315412186358,0.0,0
16.60168435951341,18.03519061583577,2.223606999,-2.5,-3.9589442815249356,3.198623101,0.0,6.0,5.4,1.0,1.6536331052460085,1.816552623004223,0.0,0
16.60168435951341,15.982404692082099,1.699931631,7.5,18.328445747800572,2.365539866,0.0,6.0,5.4,1.0,-0.3991528185076625,4.916096448354505,0.0,0
5.71249054154572,4.5454545454545325,2.61509294,2.5,10.117302052785902,4.400176787,0.0,6.0,5.4,1.0,-0.3543499511241528,9.290485500162902,0.0,0
-16.06589709438966,-19.50146627565985,1.164626964,-7.5,-20.967741935483875,1.764452788,0.0,6.0,5.4,1.0,-4.1829586184425,-3.9059954382534947,0.0,0
-5.1767032764219705,-3.665689149560109,2.281922885,-2.5,-5.425219941348956,3.182361952,0.0,6.0,5.4,1.0,-0.3910068426197384,0.3502769631802023,0.0,0
-5.1767032764219705,-1.6129032258064628,1.672151672,2.5,-11.290322580645181,5.62040085,0.0,6.0,5.4,1.0,1.661779081133908,-12.117139133268182,0.0,0
5.71249054154572,9.530791788856305,1.657154561,-7.5,-8.651026392961882,3.06443899,0.0,6.0,5.4,1.0,4.63098729227762,8.4107201042685,0.0,0
-5.1767032764219705,-4.252199413489734,2.693368134,-2.5,-3.665689149560109,3.833575128,0.0,6.0,5.4,1.0,-0.9775171065493633,2.1098077549690495,0.0,0
5.71249054154572,8.357771260997055,3.413954438,7.5,14.809384164222848,1.751126511,0.0,6.0,5.4,1.0,3.4579667644183694,1.3970348647767814,0.0,0
-16.06589709438966,-17.155425219941378,2.30107465,-7.5,-19.794721407624653,2.948303122,0.0,6.0,5.4,1.0,-1.836917562724027,-2.7329749103942724,0.0,0
5.71249054154572,4.252199413489734,1.38233989,7.5,20.38123167155428,2.848864886,0.0,6.0,5.4,1.0,-0.6476050830889513,6.968882372108212,0.0,0
-16.06589709438966,-16.568914956011753,4.255743047,-2.5,2.4926686217008864,2.982689947,0.0,6.0,5.4,1.0,-1.2504072987944017,8.268165526230046,0.0,0
5.71249054154572,8.651026392961882,2.290106896,2.5,6.8914956011730055,3.121568298,0.0,6.0,5.4,1.0,3.7512218963831963,6.064679048550006,0.0,0
16.60168435951341,13.049853372434002,1.082496815,2.5,-2.4926686217008864,3.898606106,0.0,6.0,5.4,1.0,-3.331704138155759,-3.3194851743238862,0.0,0
-16.06589709438966,-14.22287390029328,1.249163324,-2.5,-2.1994134897360595,1.449043781,0.0,6.0,5.4,1.0,1.0956337569240713,3.576083414793099,0.0,0
-16.06589709438966,-18.3284457478006,1.482155199,7.5,15.982404692082099,3.616215296,0.0,6.0,5.4,1.0,-3.0099380905832493,2.570055392636032,0.0,0
-16.06589709438966,-16.568914956011753,1.532179514,-7.5,-18.3284457478006,2.231372918,0.0,6.0,5.4,1.0,-1.2504072987944017,-1.2666992505702197,0.0,0
-5.1767032764219705,-1.6129032258064628,1.156508892,2.5,1.3196480938416357,3.466452171,0.0,6.0,5.4,1.0,1.661779081133908,0.4928315412186358,0.0,0
16.60168435951341,15.395894428152475,1.53376453,-7.5,-18.914956011730226,1.605086948,0.0,6.0,5.4,1.0,-0.9856630824372861,-1.853209514499845,0.0,0
-5.1767032764219705,-2.7859237536656845,1.298428583,-2.5,-3.0791788856304834,3.722864753,0.0,6.0,5.4,1.0,0.4887585532746863,2.6963180188986753,0.0,0
16.60168435951341,15.395894428152475,3.067090148,7.5,16.862170087976526,1.893023724,0.0,6.0,5.4,1.0,-0.9856630824372861,3.4498207885304595,0.0,0
5.71249054154572,6.598240469208207,1.149715176,7.5,14.22287390029325,1.664436238,0.0,6.0,5.4,1.0,1.6984359726295217,0.8105246008471827,0.0,0
-5.1767032764219705,-3.3724340175953103,1.948975806,2.5,15.982404692082099,5.682803114,0.0,6.0,5.4,1.0,-0.09775171065493948,15.155588139459098,0.0,1
16.60168435951341,14.809384164222848,1.765571778,-7.5,-19.50146627565985,1.615005498,0.0,6.0,5.4,1.0,-1.5721733463669132,-2.4397197784294704,0.0,0
-16.06589709438966,-12.756598240469229,1.057472479,-2.5,-4.5454545454545325,1.566455319,0.0,6.0,5.4,1.0,2.5619094167481222,1.2300423590746261,0.0,0
-16.06589709438966,-18.621700879765402,1.29933703,7.5,17.741935483870947,3.05082797,0.0,6.0,5.4,1.0,-3.3031932225480514,4.32958618442488,0.0,0
16.60168435951341,16.862170087976526,1.698971273,2.5,-16.568914956011753,1.749011045,0.0,6.0,5.4,1.0,0.4806125773867649,-17.395731508634753,0.0,1
-16.06589709438966,-17.155425219941378,1.22976597,-7.5,-17.155425219941378,1.681619681,0.0,6.0,5.4,1.0,-1.836917562724027,-0.09367872271099742,0.0,0
5.71249054154572,1.6129032258064628,1.714721324,-2.5,-2.7859237536656845,2.747534592,0.0,6.0,5.4,1.0,-3.2869012707722227,2.989573150863474,0.0,0
-5.1767032764219705,-1.0263929618768373,0.986613424,2.5,-7.771260997067429,3.215666563,0.0,6.0,5.4,1.0,2.2482893450635335,-8.59807754969043,0.0,0
-5.1767032764219705,-3.9589442815249356,1.905164521,-7.5,-17.155425219941378,1.908301261,0.0,6.0,5.4,1.0,-0.6842619745845648,-0.09367872271099742,0.0,0
-16.06589709438966,-16.568914956011753,1.524278278,7.5,20.087976539589448,1.681222,0.0,6.0,5.4,1.0,-1.2504072987944017,6.675627240143381,0.0,0
5.71249054154572,8.357771260997055,2.164295215,-2.5,-0.4398826979472119,1.544076139,0.0,6.0,5.4,1.0,3.4579667644183694,5.335614206581947,0.0,0
-16.06589709438966,-12.170087976539605,1.681032828,-2.5,-4.5454545454545325,2.466312536,0.0,6.0,5.4,1.0,3.148419680677746,1.2300423590746261,0.0,0
16.60168435951341,13.929618768328424,1.816716453,7.5,16.275659824046897,4.29909516,0.0,6.0,5.4,1.0,-2.451938742261337,2.8633105246008306,0.0,0
5.71249054154572,1.6129032258064628,2.948401735,2.5,-8.357771260997055,3.464647773,0.0,6.0,5.4,1.0,-3.2869012707722227,-9.184587813620055,0.0,0
5.71249054154572,5.425219941348956,2.698346477,-7.5,-15.982404692082127,1.623244065,0.0,6.0,5.4,1.0,0.525415444770271,1.0793418051482533,0.0,0
-16.06589709438966,-15.68914956011733,2.743445436,-2.5,-1.3196480938416357,2.158287309,1.0,6.0,5.4,1.0,0.5376344086021394,1.6373411534701887,0.0,0
-16.06589709438966,-19.208211143695024,2.29926515,-7.5,-16.568914956011753,3.097703065,1.0,6.0,5.4,1.0,-2.981427174975554,-4.2766373411534815,0.0,0
16.60168435951341,13.343108504398826,1.552548677,7.5,14.809384164222848,1.932369916,1.0,6.0,5.4,1.0,-1.050830889540558,0.5131964809384026,0.0,0
5.71249054154572,4.252199413489734,1.76658896,2.5,7.184750733137833,1.681746903,1.0,6.0,5.4,1.0,-0.9775171065493593,0.19550342130988518,0.0,0
-16.06589709438966,-16.86217008797655,2.141192161,-2.5,-4.5454545454545325,1.446637827,1.0,6.0,5.4,1.0,-0.6353861192570811,-1.588465298142708,0.0,0
-5.1767032764219705,-3.0791788856304834,1.775114472,2.5,13.929618768328424,2.798705019,1.0,6.0,5.4,1.0,-0.21994134897359885,6.940371456500476,0.0,0
-5.1767032764219705,-2.1994134897360595,1.06564788,-7.5,-13.049853372434029,1.613858443,1.0,6.0,5.4,1.0,0.659824046920825,-0.7575757575757578,0.0,0
-5.1767032764219705,-6.8914956011730055,2.382918067,7.5,14.22287390029325,2.465186432,1.0,6.0,5.4,1.0,-4.032258064516121,-0.07331378299119606,0.0,0
16.60168435951341,15.982404692082099,3.39933856,-2.5,-4.5454545454545325,2.766756493,1.0,6.0,5.4,1.0,1.5884652981427152,-1.588465298142708,0.0,0
16.60168435951341,13.636363636363626,1.455309318,2.5,2.7859237536656845,2.59906813,1.0,6.0,5.4,1.0,-0.7575757575757578,-4.203323558162264,0.0,0
5.71249054154572,3.665689149560109,1.757723108,7.5,14.51612903225805,1.764678015,1.0,6.0,5.4,1.0,-1.5640273704789842,0.21994134897360418,0.0,0
16.60168435951341,14.51612903225805,1.924725103,-7.5,-15.982404692082127,1.914847873,1.0,6.0,5.4,1.0,0.12218963831866603,-3.690127077223856,0.0,0
-16.06589709438966,-16.568914956011753,1.815977801,7.5,18.328445747800572,1.748175275,1.0,6.0,5.4,1.0,-0.34213098729228264,4.032258064516126,0.0,0
-16.06589709438966,-16.568914956011753,1.532762899,-2.5,-4.252199413489734,1.398812279,1.0,6.0,5.4,1.0,-0.34213098729228264,-1.2952101661779096,0.0,0
-16.06589709438966,-18.621700879765402,1.549245253,-7.5,-19.50146627565985,2.24849501,1.0,6.0,5.4,1.0,-2.3949169110459323,-7.20918866080158,0.0,0
16.60168435951341,13.636363636363626,1.537798882,2.5,-5.131964809384158,2.449039765,1.0,6.0,5.4,1.0,-0.7575757575757578,-12.121212121212107,0.0,0
5.71249054154572,4.5454545454545325,1.782670467,-2.5,-3.0791788856304834,1.750025793,1.0,6.0,5.4,1.0,-0.6842619745845608,-0.12218963831865892,0.0,0
5.71249054154572,6.304985337243409,1.065740281,-7.5,-18.035190615835802,1.532006616,1.0,6.0,5.4,1.0,1.0752688172043152,-5.742913000977531,0.0,0
-5.1767032764219705,-2.4926686217008864,1.244996596,7.5,15.982404692082099,2.558076712,1.0,6.0,5.4,1.0,0.3665689149559981,1.6862170087976533,0.0,0
-16.06589709438966,-15.68914956011733,1.313988904,2.5,5.718475073313784,3.164693984,1.0,6.0,5.4,1.0,0.5376344086021394,-1.270772238514164,0.0,0
5.71249054154572,9.237536656891479,1.015850824,7.5,12.170087976539577,2.633423427,1.0,6.0,5.4,1.0,4.007820136852385,-2.126099706744869,0.0,0
-16.06589709438966,-13.929618768328451,1.465071659,2.5,5.131964809384158,2.398291973,1.0,6.0,5.4,1.0,2.297165200391019,-1.8572825024437902,0.0,0
-5.1767032764219705,-2.7859237536656845,1.616590815,-2.5,-6.304985337243409,1.764933681,1.0,6.0,5.4,1.0,0.07331378299120006,-3.347996089931584,0.0,0
5.71249054154572,4.5454545454545325,1.532602157,-7.5,-2.7859237536656845,2.374026399,1.0,6.0,5.4,1.0,-0.6842619745845608,9.506353861192586,0.0,0
-5.1767032764219705,-0.4398826979472119,3.749737361,-7.5,-5.425219941348956,2.087370285,1.0,6.0,5.4,1.0,2.4193548387096726,6.867057673509315,0.0,0
16.60168435951341,13.343108504398826,2.549462877,-2.5,0.7331378299120104,1.615373157,1.0,6.0,5.4,1.0,-1.050830889540558,3.690127077223835,0.0,0
-5.1767032764219705,-3.665689149560109,2.082427144,2.5,5.425219941348956,3.286183335,1.0,6.0,5.4,1.0,-0.8064516129032246,-1.5640273704789918,0.0,0
5.71249054154572,5.425219941348956,1.450892808,7.5,8.651026392961882,2.082387538,1.0,6.0,5.4,1.0,0.19550342130986298,-5.645161290322564,0.0,0
-16.06589709438966,-15.102639296187702,1.149997814,2.5,3.665689149560109,3.305269547,1.0,6.0,5.4,1.0,1.1241446725317683,-3.323558162267839,0.0,0
5.71249054154572,5.718475073313784,2.582776015,-2.5,0.14662756598241344,1.533123592,1.0,6.0,5.4,1.0,0.48875855327469075,3.103616813294238,0.0,0
-5.1767032764219705,-1.906158357771261,0.616253443,7.5,13.049853372434002,1.676067875,1.0,6.0,5.4,1.0,0.9530791788856234,-1.2463343108504432,0.0,0
-16.06589709438966,-15.982404692082127,1.33027909,-7.5,-19.50146627565985,4.615605563,1.0,6.0,5.4,1.0,0.2443792766373427,-7.20918866080158,0.0,0
16.60168435951341,16.568914956011724,2.165719372,2.5,12.463343108504375,1.614060463,1.0,6.0,5.4,1.0,2.1749755620723406,5.474095796676427,0.0,0
-5.1767032764219705,-2.1994134897360595,0.849004784,7.5,9.530791788856305,3.15596707,1.0,6.0,5.4,1.0,0.659824046920825,-4.76539589442814,0.0,0
5.71249054154572,6.011730205278582,3.600149279,-2.5,-6.598240469208207,3.465284723,1.0,6.0,5.4,1.0,0.7820136852394883,-3.6412512218963826,0.0,0
-16.06589709438966,-14.22287390029328,2.215511718,-7.5,-11.58357771260998,2.749055431,1.0,6.0,5.4,1.0,2.0039100684261903,0.7086999022482914,0.0,0
-16.06589709438966,-16.275659824046926,1.702771367,-2.5,-1.3196480938416357,2.54782077,1.0,6.0,5.4,1.0,-0.04887585532745575,1.6373411534701887,0.0,0
-5.1767032764219705,-4.5454545454545325,2.099173663,-7.5,-7.184750733137833,2.682920395,1.0,6.0,5.4,1.0,-1.686217008797648,5.107526881720438,0.0,0
-5.1767032764219705,-1.0263929618768373,2.000028897,7.5,18.328445747800572,6.200189762,1.0,6.0,5.4,1.0,1.8328445747800473,4.032258064516126,0.0,0
5.71249054154572,2.7859237536656845,1.241382448,2.5,12.756598240469202,1.531733868,1.0,6.0,5.4,1.0,-2.443792766373409,5.767350928641254,0.0,0
-5.1767032764219705,-3.0791788856304834,1.593049694,2.5,9.237536656891479,2.002745848,1.0,6.0,5.4,1.0,-0.21994134897359885,2.2482893450635304,0.0,0
16.60168435951341,13.636363636363626,1.546066999,-7.5,-5.718475073313784,1.548917897,1.0,6.0,5.4,1.0,-0.7575757575757578,6.573802541544487,0.0,0
5.71249054154572,5.718475073313784,2.298778358,7.5,16.275659824046897,3.150545611,1.0,6.0,5.4,1.0,0.48875855327469075,1.9794721407624518,0.0,0
5.71249054154572,4.5454545454545325,1.149826757,-2.5,-1.906158357771261,1.616114175,1.0,6.0,5.4,1.0,-0.6842619745845608,1.0508308895405634,0.0,0
16.60168435951341,17.448680351906148,1.403877702,7.5,15.689149560117302,2.732315636,1.0,6.0,5.4,1.0,3.0547409579667644,1.3929618768328567,0.0,0
16.60168435951341,15.982404692082099,1.739120187,2.5,10.703812316715528,1.614540707,1.0,6.0,5.4,1.0,1.5884652981427152,3.7145650048875796,0.0,0
16.60168435951341,9.824046920821104,1.46625405,-7.5,-12.170087976539605,1.564371833,1.0,6.0,5.4,1.0,-4.56989247311828,0.12218963831866603,0.0,0
16.60168435951341,14.809384164222848,1.527899709,-2.5,-2.4926686217008864,1.389700195,1.0,6.0,5.4,1.0,0.4154447702834645,0.464320625610938,0.0,0
